Details,Accession,Release_Date,Species,Length,Protein,Geo_Location,Host,Isolation_Source,Collection_Date
"",YP_009725311,2020-01-28T00:00:00Z,Severe acute respiratory syndrome-related coronavirus,298,2'-O-ribose methyltransferase,China,Homo sapiens,,2019-12
"",YP_009725309,2020-01-28T00:00:00Z,Severe acute respiratory syndrome-related coronavirus,527,3'-to-5' exonuclease,China,Homo sapiens,,2019-12
"",YP_009725301,2020-01-28T00:00:00Z,Severe acute respiratory syndrome-related coronavirus,306,3C-like proteinase,China,Homo sapiens,,2019-12
"",QIH45025,2020-03-04T00:00:00Z,Severe acute respiratory syndrome-related coronavirus,75,E protein,China,Homo sapiens,,2020-01-26
"",QIH45035,2020-03-04T00:00:00Z,Severe acute respiratory syndrome-related coronavirus,75,E protein,China,Homo sapiens,,2020-01-28
"",QIH45045,2020-03-04T00:00:00Z,Severe acute respiratory syndrome-related coronavirus,75,E protein,China,Homo sapiens,,2020-01-28
"",QIH45055,2020-03-04T00:00:00Z,Severe acute respiratory syndrome-related coronavirus,75,E protein,China,Homo sapiens,,2020-01-28
"",QIH45026,2020-03-04T00:00:00Z,Severe acute respiratory syndrome-related coronavirus,222,M protein,China,Homo sapiens,,2020-01-26
"",QIH45036,2020-03-04T00:00:00Z,Severe acute respiratory syndrome-related coronavirus,222,M protein,China,Homo sapiens,,2020-01-28
"",QIH45046,2020-03-04T00:00:00Z,Severe acute respiratory syndrome-related coronavirus,222,M protein,China,Homo sapiens,,2020-01-28
"",QIH45056,2020-03-04T00:00:00Z,Severe acute respiratory syndrome-related coronavirus,222,M protein,China,Homo sapiens,,2020-01-28
"",QIH45030,2020-03-04T00:00:00Z,Severe acute respiratory syndrome-related coronavirus,419,N protein,China,Homo sapiens,,2020-01-26
"",QIH45040,2020-03-04T00:00:00Z,Severe acute respiratory syndrome-related coronavirus,419,N protein,China,Homo sapiens,,2020-01-28
"",QIH45050,2020-03-04T00:00:00Z,Severe acute respiratory syndrome-related coronavirus,419,N protein,China,Homo sapiens,,2020-01-28
"",QIH45060,2020-03-04T00:00:00Z,Severe acute respiratory syndrome-related coronavirus,419,N protein,China,Homo sapiens,,2020-01-28
"",QHZ00366,2020-02-11T00:00:00Z,Severe acute respiratory syndrome-related coronavirus,38,ORF10 proteiin,China,Homo sapiens,"lung, oronasopharynx",2020-01-20
"",QIA98603,2020-02-14T00:00:00Z,Severe acute respiratory syndrome-related coronavirus,38,ORF10 protein,Taiwan,Homo sapiens,,2020-01-31
"",QIA20053,2020-02-12T00:00:00Z,Severe acute respiratory syndrome-related coronavirus,38,ORF10 protein,China,Homo sapiens,"lung, oronasopharynx",2020-01-17
"",QIA98614,2020-02-14T00:00:00Z,Severe acute respiratory syndrome-related coronavirus,38,ORF10 protein,Taiwan,Homo sapiens,,2020-02-05
"",QHZ00387,2020-02-11T00:00:00Z,Severe acute respiratory syndrome-related coronavirus,38,ORF10 protein,South Korea,Homo sapiens,,2020-01
"",QHU36852,2020-02-05T00:00:00Z,Severe acute respiratory syndrome-related coronavirus,38,ORF10 protein,China,Homo sapiens,lung,2019-12-30
"",QHU36832,2020-02-05T00:00:00Z,Severe acute respiratory syndrome-related coronavirus,38,ORF10 protein,China,Homo sapiens,lung,2019-12-23
"",QHU36872,2020-02-05T00:00:00Z,Severe acute respiratory syndrome-related coronavirus,38,ORF10 protein,China,Homo sapiens,lung,2020-01-01
"",QHN73818,2020-01-24T00:00:00Z,Severe acute respiratory syndrome-related coronavirus,38,ORF10 protein,China,Homo sapiens,"lung, oronasopharynx",2020-01-11
"",QHU79182,2020-02-05T00:00:00Z,Severe acute respiratory syndrome-related coronavirus,38,ORF10 protein,Finland,Homo sapiens,,2020-01-29
"",QHU36842,2020-02-05T00:00:00Z,Severe acute respiratory syndrome-related coronavirus,38,ORF10 protein,China,Homo sapiens,lung,2019-12-30
"",QHU36862,2020-02-05T00:00:00Z,Severe acute respiratory syndrome-related coronavirus,38,ORF10 protein,China,Homo sapiens,lung,2019-12-30
"",QHI42199,2020-01-17T00:00:00Z,Severe acute respiratory syndrome-related coronavirus,38,ORF10 protein,China,Homo sapiens,,2019-12
"",QIB84681,2020-02-18T00:00:00Z,Severe acute respiratory syndrome-related coronavirus,38,ORF10 protein,Nepal,Homo sapiens,oronasopharynx,2020-01-13
"",QHR84457,2020-01-31T00:00:00Z,Severe acute respiratory syndrome-related coronavirus,38,ORF10 protein,Australia,Homo sapiens,,2020-01-25
"",YP_009725255,2020-01-17T00:00:00Z,Severe acute respiratory syndrome-related coronavirus,38,ORF10 protein,China,Homo sapiens,,2019-12
"",QIC53212,2020-02-21T00:00:00Z,Severe acute respiratory syndrome-related coronavirus,38,ORF10 protein,Sweden,Homo sapiens,,2020-02-07
"",QIE07469,2020-02-28T00:00:00Z,Severe acute respiratory syndrome-related coronavirus,38,ORF10 protein,China,Homo sapiens,lung,2020-01-29
"",QIH45031,2020-03-04T00:00:00Z,Severe acute respiratory syndrome-related coronavirus,38,ORF10 protein,China,Homo sapiens,,2020-01-26
"",QIH45041,2020-03-04T00:00:00Z,Severe acute respiratory syndrome-related coronavirus,38,ORF10 protein,China,Homo sapiens,,2020-01-28
"",QIH45051,2020-03-04T00:00:00Z,Severe acute respiratory syndrome-related coronavirus,38,ORF10 protein,China,Homo sapiens,,2020-01-28
"",QIH45061,2020-03-04T00:00:00Z,Severe acute respiratory syndrome-related coronavirus,38,ORF10 protein,China,Homo sapiens,,2020-01-28
"",BCA87369,2020-02-29T00:00:00Z,Severe acute respiratory syndrome-related coronavirus,38,ORF10 protein,,Homo sapiens,oronasopharynx,2020-02-10
"",QIE07459,2020-02-28T00:00:00Z,Severe acute respiratory syndrome-related coronavirus,38,ORF10 protein,China,Homo sapiens,oronasopharynx,2020-02-05
"",BCA87379,2020-02-29T00:00:00Z,Severe acute respiratory syndrome-related coronavirus,38,ORF10 protein,,Homo sapiens,oronasopharynx,2020-02-10
"",QIA20056,2020-02-12T00:00:00Z,Severe acute respiratory syndrome-related coronavirus,187,ORF1ab polyprotein,Australia,Homo sapiens,oronasopharynx,2020-02
"",QHN73820,2020-01-24T00:00:00Z,Severe acute respiratory syndrome-related coronavirus,95,ORF1ab polyprotein,China,Homo sapiens,oronasopharynx,2020-01
"",QHN73819,2020-01-24T00:00:00Z,Severe acute respiratory syndrome-related coronavirus,95,ORF1ab polyprotein,China,Homo sapiens,oronasopharynx,2020-01
"",QHN73821,2020-01-24T00:00:00Z,Severe acute respiratory syndrome-related coronavirus,95,ORF1ab polyprotein,China,Homo sapiens,"lung, oronasopharynx",2020-01
"",QHN73803,2020-01-24T00:00:00Z,Severe acute respiratory syndrome-related coronavirus,95,ORF1ab polyprotein,China,Homo sapiens,oronasopharynx,2020-01
"",QHN73804,2020-01-24T00:00:00Z,Severe acute respiratory syndrome-related coronavirus,95,ORF1ab polyprotein,China,Homo sapiens,oronasopharynx,2020-01
"",QIA20057,2020-02-12T00:00:00Z,Severe acute respiratory syndrome-related coronavirus,187,ORF1ab polyprotein,Australia,Homo sapiens,"lung, oronasopharynx",2020-02
"",QIA20054,2020-02-12T00:00:00Z,Severe acute respiratory syndrome-related coronavirus,187,ORF1ab polyprotein,Australia,Homo sapiens,oronasopharynx,2020-01
"",QIA20055,2020-02-12T00:00:00Z,Severe acute respiratory syndrome-related coronavirus,187,ORF1ab polyprotein,Australia,Homo sapiens,oronasopharynx,2020-01
"",QHN73794,2020-01-24T00:00:00Z,Severe acute respiratory syndrome-related coronavirus,7096,ORF1ab polyprotein,China,Homo sapiens,oronasopharynx,2020-01-10
"",QID88857,2020-02-26T00:00:00Z,Severe acute respiratory syndrome-related coronavirus,256,ORF1ab polyprotein,Australia,Homo sapiens,"lung, oronasopharynx",2020-02
"",QHN73796,2020-01-24T00:00:00Z,Severe acute respiratory syndrome-related coronavirus,275,ORF3 protein,China,Homo sapiens,oronasopharynx,2020-01-10
"",QID88858,2020-02-26T00:00:00Z,Severe acute respiratory syndrome-related coronavirus,110,ORF3a,Australia,Homo sapiens,"lung, oronasopharynx",2020-02
"",QIA98597,2020-02-14T00:00:00Z,Severe acute respiratory syndrome-related coronavirus,275,ORF3a protein,Taiwan,Homo sapiens,,2020-01-31
"",QIA20045,2020-02-12T00:00:00Z,Severe acute respiratory syndrome-related coronavirus,275,ORF3a protein,China,Homo sapiens,"lung, oronasopharynx",2020-01-17
"",QIA98607,2020-02-14T00:00:00Z,Severe acute respiratory syndrome-related coronavirus,275,ORF3a protein,Taiwan,Homo sapiens,,2020-02-05
"",QHZ00359,2020-02-11T00:00:00Z,Severe acute respiratory syndrome-related coronavirus,275,ORF3a protein,China,Homo sapiens,"lung, oronasopharynx",2020-01-20
"",QHZ00380,2020-02-11T00:00:00Z,Severe acute respiratory syndrome-related coronavirus,275,ORF3a protein,South Korea,Homo sapiens,,2020-01
"",QHU36845,2020-02-05T00:00:00Z,Severe acute respiratory syndrome-related coronavirus,275,ORF3a protein,China,Homo sapiens,lung,2019-12-30
"",QHU36825,2020-02-05T00:00:00Z,Severe acute respiratory syndrome-related coronavirus,275,ORF3a protein,China,Homo sapiens,lung,2019-12-23
"",QHN73811,2020-01-24T00:00:00Z,Severe acute respiratory syndrome-related coronavirus,275,ORF3a protein,China,Homo sapiens,"lung, oronasopharynx",2020-01-11
"",QHU79174,2020-02-05T00:00:00Z,Severe acute respiratory syndrome-related coronavirus,275,ORF3a protein,Finland,Homo sapiens,,2020-01-29
"",QHU36835,2020-02-05T00:00:00Z,Severe acute respiratory syndrome-related coronavirus,275,ORF3a protein,China,Homo sapiens,lung,2019-12-30
"",QHU36865,2020-02-05T00:00:00Z,Severe acute respiratory syndrome-related coronavirus,275,ORF3a protein,China,Homo sapiens,lung,2020-01-01
"",QHU36855,2020-02-05T00:00:00Z,Severe acute respiratory syndrome-related coronavirus,275,ORF3a protein,China,Homo sapiens,lung,2019-12-30
"",QHD43417,2020-01-12T00:00:00Z,Severe acute respiratory syndrome-related coronavirus,275,ORF3a protein,China,Homo sapiens,,2019-12
"",QIB84674,2020-02-18T00:00:00Z,Severe acute respiratory syndrome-related coronavirus,275,ORF3a protein,Nepal,Homo sapiens,oronasopharynx,2020-01-13
"",QHR84450,2020-01-31T00:00:00Z,Severe acute respiratory syndrome-related coronavirus,275,ORF3a protein,Australia,Homo sapiens,,2020-01-25
"",YP_009724391,2020-01-13T00:00:00Z,Severe acute respiratory syndrome-related coronavirus,275,ORF3a protein,China,Homo sapiens,,2019-12
"",QIC53205,2020-02-21T00:00:00Z,Severe acute respiratory syndrome-related coronavirus,275,ORF3a protein,Sweden,Homo sapiens,,2020-02-07
"",QIE07462,2020-02-28T00:00:00Z,Severe acute respiratory syndrome-related coronavirus,275,ORF3a protein,China,Homo sapiens,lung,2020-01-29
"",QIH45024,2020-03-04T00:00:00Z,Severe acute respiratory syndrome-related coronavirus,275,ORF3a protein,China,Homo sapiens,,2020-01-26
"",QIH45034,2020-03-04T00:00:00Z,Severe acute respiratory syndrome-related coronavirus,275,ORF3a protein,China,Homo sapiens,,2020-01-28
"",QIH45044,2020-03-04T00:00:00Z,Severe acute respiratory syndrome-related coronavirus,275,ORF3a protein,China,Homo sapiens,,2020-01-28
"",QIH45054,2020-03-04T00:00:00Z,Severe acute respiratory syndrome-related coronavirus,275,ORF3a protein,China,Homo sapiens,,2020-01-28
"",BCA87362,2020-02-29T00:00:00Z,Severe acute respiratory syndrome-related coronavirus,275,ORF3a protein,,Homo sapiens,oronasopharynx,2020-02-10
"",BCA87372,2020-02-29T00:00:00Z,Severe acute respiratory syndrome-related coronavirus,275,ORF3a protein,,Homo sapiens,oronasopharynx,2020-02-10
"",QIE07452,2020-02-28T00:00:00Z,Severe acute respiratory syndrome-related coronavirus,275,ORF3a protein,China,Homo sapiens,oronasopharynx,2020-02-05
"",QIA98600,2020-02-14T00:00:00Z,Severe acute respiratory syndrome-related coronavirus,61,ORF6 protein,Taiwan,Homo sapiens,,2020-01-31
"",QIA20048,2020-02-12T00:00:00Z,Severe acute respiratory syndrome-related coronavirus,61,ORF6 protein,China,Homo sapiens,"lung, oronasopharynx",2020-01-17
"",QIA98610,2020-02-14T00:00:00Z,Severe acute respiratory syndrome-related coronavirus,61,ORF6 protein,Taiwan,Homo sapiens,,2020-02-05
"",QHZ00362,2020-02-11T00:00:00Z,Severe acute respiratory syndrome-related coronavirus,61,ORF6 protein,China,Homo sapiens,"lung, oronasopharynx",2020-01-20
"",QHZ00383,2020-02-11T00:00:00Z,Severe acute respiratory syndrome-related coronavirus,61,ORF6 protein,South Korea,Homo sapiens,,2020-01
"",QHU36848,2020-02-05T00:00:00Z,Severe acute respiratory syndrome-related coronavirus,61,ORF6 protein,China,Homo sapiens,lung,2019-12-30
"",QHU36868,2020-02-05T00:00:00Z,Severe acute respiratory syndrome-related coronavirus,61,ORF6 protein,China,Homo sapiens,lung,2020-01-01
"",QHU36828,2020-02-05T00:00:00Z,Severe acute respiratory syndrome-related coronavirus,61,ORF6 protein,China,Homo sapiens,lung,2019-12-23
"",QHN73814,2020-01-24T00:00:00Z,Severe acute respiratory syndrome-related coronavirus,61,ORF6 protein,China,Homo sapiens,"lung, oronasopharynx",2020-01-11
"",QHU79177,2020-02-05T00:00:00Z,Severe acute respiratory syndrome-related coronavirus,61,ORF6 protein,Finland,Homo sapiens,,2020-01-29
"",QHU36838,2020-02-05T00:00:00Z,Severe acute respiratory syndrome-related coronavirus,61,ORF6 protein,China,Homo sapiens,lung,2019-12-30
"",QHU36858,2020-02-05T00:00:00Z,Severe acute respiratory syndrome-related coronavirus,61,ORF6 protein,China,Homo sapiens,lung,2019-12-30
"",QHD43420,2020-01-12T00:00:00Z,Severe acute respiratory syndrome-related coronavirus,61,ORF6 protein,China,Homo sapiens,,2019-12
"",QIB84677,2020-02-18T00:00:00Z,Severe acute respiratory syndrome-related coronavirus,61,ORF6 protein,Nepal,Homo sapiens,oronasopharynx,2020-01-13
"",QHN73799,2020-01-24T00:00:00Z,Severe acute respiratory syndrome-related coronavirus,61,ORF6 protein,China,Homo sapiens,oronasopharynx,2020-01-10
"",QHR84453,2020-01-31T00:00:00Z,Severe acute respiratory syndrome-related coronavirus,61,ORF6 protein,Australia,Homo sapiens,,2020-01-25
"",YP_009724394,2020-01-13T00:00:00Z,Severe acute respiratory syndrome-related coronavirus,61,ORF6 protein,China,Homo sapiens,,2019-12
"",QIC53208,2020-02-21T00:00:00Z,Severe acute respiratory syndrome-related coronavirus,61,ORF6 protein,Sweden,Homo sapiens,,2020-02-07
"",QIE07465,2020-02-28T00:00:00Z,Severe acute respiratory syndrome-related coronavirus,61,ORF6 protein,China,Homo sapiens,lung,2020-01-29
"",QIH45027,2020-03-04T00:00:00Z,Severe acute respiratory syndrome-related coronavirus,61,ORF6 protein,China,Homo sapiens,,2020-01-26
"",QIH45037,2020-03-04T00:00:00Z,Severe acute respiratory syndrome-related coronavirus,61,ORF6 protein,China,Homo sapiens,,2020-01-28
"",QIH45047,2020-03-04T00:00:00Z,Severe acute respiratory syndrome-related coronavirus,61,ORF6 protein,China,Homo sapiens,,2020-01-28
"",QIH45057,2020-03-04T00:00:00Z,Severe acute respiratory syndrome-related coronavirus,61,ORF6 protein,China,Homo sapiens,,2020-01-28
"",BCA87375,2020-02-29T00:00:00Z,Severe acute respiratory syndrome-related coronavirus,61,ORF6 protein,,Homo sapiens,oronasopharynx,2020-02-10
"",QIE07455,2020-02-28T00:00:00Z,Severe acute respiratory syndrome-related coronavirus,61,ORF6 protein,China,Homo sapiens,oronasopharynx,2020-02-05
"",BCA87365,2020-02-29T00:00:00Z,Severe acute respiratory syndrome-related coronavirus,61,ORF6 protein,,Homo sapiens,oronasopharynx,2020-02-10
"",QHN73800,2020-01-24T00:00:00Z,Severe acute respiratory syndrome-related coronavirus,121,ORF7 protein,China,Homo sapiens,oronasopharynx,2020-01-10
"",QIA98604,2020-02-14T00:00:00Z,Severe acute respiratory syndrome-related coronavirus,121,ORF7a protein,Taiwan,Homo sapiens,,2020-01-31
"",QIA20049,2020-02-12T00:00:00Z,Severe acute respiratory syndrome-related coronavirus,121,ORF7a protein,China,Homo sapiens,"lung, oronasopharynx",2020-01-17
"",QIA98611,2020-02-14T00:00:00Z,Severe acute respiratory syndrome-related coronavirus,121,ORF7a protein,Taiwan,Homo sapiens,,2020-02-05
"",QHZ00363,2020-02-11T00:00:00Z,Severe acute respiratory syndrome-related coronavirus,121,ORF7a protein,China,Homo sapiens,"lung, oronasopharynx",2020-01-20
"",QHZ00384,2020-02-11T00:00:00Z,Severe acute respiratory syndrome-related coronavirus,121,ORF7a protein,South Korea,Homo sapiens,,2020-01
"",QHU36829,2020-02-05T00:00:00Z,Severe acute respiratory syndrome-related coronavirus,121,ORF7a protein,China,Homo sapiens,lung,2019-12-23
"",QHU36849,2020-02-05T00:00:00Z,Severe acute respiratory syndrome-related coronavirus,121,ORF7a protein,China,Homo sapiens,lung,2019-12-30
"",QHU36869,2020-02-05T00:00:00Z,Severe acute respiratory syndrome-related coronavirus,121,ORF7a protein,China,Homo sapiens,lung,2020-01-01
"",QHN73815,2020-01-24T00:00:00Z,Severe acute respiratory syndrome-related coronavirus,121,ORF7a protein,China,Homo sapiens,"lung, oronasopharynx",2020-01-11
"",QHU79178,2020-02-05T00:00:00Z,Severe acute respiratory syndrome-related coronavirus,121,ORF7a protein,Finland,Homo sapiens,,2020-01-29
"",QHU36839,2020-02-05T00:00:00Z,Severe acute respiratory syndrome-related coronavirus,121,ORF7a protein,China,Homo sapiens,lung,2019-12-30
"",QHU36859,2020-02-05T00:00:00Z,Severe acute respiratory syndrome-related coronavirus,121,ORF7a protein,China,Homo sapiens,lung,2019-12-30
"",QHD43421,2020-01-12T00:00:00Z,Severe acute respiratory syndrome-related coronavirus,121,ORF7a protein,China,Homo sapiens,,2019-12
"",QIB84678,2020-02-18T00:00:00Z,Severe acute respiratory syndrome-related coronavirus,121,ORF7a protein,Nepal,Homo sapiens,oronasopharynx,2020-01-13
"",QHR84454,2020-01-31T00:00:00Z,Severe acute respiratory syndrome-related coronavirus,121,ORF7a protein,Australia,Homo sapiens,,2020-01-25
"",YP_009724395,2020-01-13T00:00:00Z,Severe acute respiratory syndrome-related coronavirus,121,ORF7a protein,China,Homo sapiens,,2019-12
"",QIC53209,2020-02-21T00:00:00Z,Severe acute respiratory syndrome-related coronavirus,121,ORF7a protein,Sweden,Homo sapiens,,2020-02-07
"",QIE07466,2020-02-28T00:00:00Z,Severe acute respiratory syndrome-related coronavirus,121,ORF7a protein,China,Homo sapiens,lung,2020-01-29
"",QIH45028,2020-03-04T00:00:00Z,Severe acute respiratory syndrome-related coronavirus,121,ORF7a protein,China,Homo sapiens,,2020-01-26
"",QIH45038,2020-03-04T00:00:00Z,Severe acute respiratory syndrome-related coronavirus,121,ORF7a protein,China,Homo sapiens,,2020-01-28
"",QIH45048,2020-03-04T00:00:00Z,Severe acute respiratory syndrome-related coronavirus,121,ORF7a protein,China,Homo sapiens,,2020-01-28
"",QIH45058,2020-03-04T00:00:00Z,Severe acute respiratory syndrome-related coronavirus,121,ORF7a protein,China,Homo sapiens,,2020-01-28
"",BCA87366,2020-02-29T00:00:00Z,Severe acute respiratory syndrome-related coronavirus,121,ORF7a protein,,Homo sapiens,oronasopharynx,2020-02-10
"",BCA87376,2020-02-29T00:00:00Z,Severe acute respiratory syndrome-related coronavirus,121,ORF7a protein,,Homo sapiens,oronasopharynx,2020-02-10
"",QIE07456,2020-02-28T00:00:00Z,Severe acute respiratory syndrome-related coronavirus,121,ORF7a protein,China,Homo sapiens,oronasopharynx,2020-02-05
"",QIA20050,2020-02-12T00:00:00Z,Severe acute respiratory syndrome-related coronavirus,43,ORF7b,China,Homo sapiens,"lung, oronasopharynx",2020-01-17
"",YP_009725296,2020-01-28T00:00:00Z,Severe acute respiratory syndrome-related coronavirus,43,ORF7b,China,Homo sapiens,,2019-12
"",QHU79179,2020-02-05T00:00:00Z,Severe acute respiratory syndrome-related coronavirus,43,ORF7b protein,Finland,Homo sapiens,,2020-01-29
"",QIA98601,2020-02-14T00:00:00Z,Severe acute respiratory syndrome-related coronavirus,121,ORF8 protein,Taiwan,Homo sapiens,,2020-01-31
"",QIA20051,2020-02-12T00:00:00Z,Severe acute respiratory syndrome-related coronavirus,121,ORF8 protein,China,Homo sapiens,"lung, oronasopharynx",2020-01-17
"",QIA98612,2020-02-14T00:00:00Z,Severe acute respiratory syndrome-related coronavirus,121,ORF8 protein,Taiwan,Homo sapiens,,2020-02-05
"",QHZ00364,2020-02-11T00:00:00Z,Severe acute respiratory syndrome-related coronavirus,121,ORF8 protein,China,Homo sapiens,"lung, oronasopharynx",2020-01-20
"",QHZ00385,2020-02-11T00:00:00Z,Severe acute respiratory syndrome-related coronavirus,121,ORF8 protein,South Korea,Homo sapiens,,2020-01
"",QHU36850,2020-02-05T00:00:00Z,Severe acute respiratory syndrome-related coronavirus,121,ORF8 protein,China,Homo sapiens,lung,2019-12-30
"",QHU36870,2020-02-05T00:00:00Z,Severe acute respiratory syndrome-related coronavirus,121,ORF8 protein,China,Homo sapiens,lung,2020-01-01
"",QHN73816,2020-01-24T00:00:00Z,Severe acute respiratory syndrome-related coronavirus,121,ORF8 protein,China,Homo sapiens,"lung, oronasopharynx",2020-01-11
"",QHU79180,2020-02-05T00:00:00Z,Severe acute respiratory syndrome-related coronavirus,121,ORF8 protein,Finland,Homo sapiens,,2020-01-29
"",QHU36830,2020-02-05T00:00:00Z,Severe acute respiratory syndrome-related coronavirus,121,ORF8 protein,China,Homo sapiens,lung,2019-12-23
"",QHU36840,2020-02-05T00:00:00Z,Severe acute respiratory syndrome-related coronavirus,121,ORF8 protein,China,Homo sapiens,lung,2019-12-30
"",QHU36860,2020-02-05T00:00:00Z,Severe acute respiratory syndrome-related coronavirus,121,ORF8 protein,China,Homo sapiens,lung,2019-12-30
"",QHD43422,2020-01-12T00:00:00Z,Severe acute respiratory syndrome-related coronavirus,121,ORF8 protein,China,Homo sapiens,,2019-12
"",QIB84679,2020-02-18T00:00:00Z,Severe acute respiratory syndrome-related coronavirus,121,ORF8 protein,Nepal,Homo sapiens,oronasopharynx,2020-01-13
"",QHN73801,2020-01-24T00:00:00Z,Severe acute respiratory syndrome-related coronavirus,121,ORF8 protein,China,Homo sapiens,oronasopharynx,2020-01-10
"",QHR84455,2020-01-31T00:00:00Z,Severe acute respiratory syndrome-related coronavirus,121,ORF8 protein,Australia,Homo sapiens,,2020-01-25
"",YP_009724396,2020-01-13T00:00:00Z,Severe acute respiratory syndrome-related coronavirus,121,ORF8 protein,China,Homo sapiens,,2019-12
"",QIC53210,2020-02-21T00:00:00Z,Severe acute respiratory syndrome-related coronavirus,121,ORF8 protein,Sweden,Homo sapiens,,2020-02-07
"",QIE07467,2020-02-28T00:00:00Z,Severe acute respiratory syndrome-related coronavirus,121,ORF8 protein,China,Homo sapiens,lung,2020-01-29
"",QIH45029,2020-03-04T00:00:00Z,Severe acute respiratory syndrome-related coronavirus,121,ORF8 protein,China,Homo sapiens,,2020-01-26
"",QIH45039,2020-03-04T00:00:00Z,Severe acute respiratory syndrome-related coronavirus,121,ORF8 protein,China,Homo sapiens,,2020-01-28
"",QIH45049,2020-03-04T00:00:00Z,Severe acute respiratory syndrome-related coronavirus,121,ORF8 protein,China,Homo sapiens,,2020-01-28
"",QIH45059,2020-03-04T00:00:00Z,Severe acute respiratory syndrome-related coronavirus,121,ORF8 protein,China,Homo sapiens,,2020-01-28
"",QIE07457,2020-02-28T00:00:00Z,Severe acute respiratory syndrome-related coronavirus,121,ORF8 protein,China,Homo sapiens,oronasopharynx,2020-02-05
"",BCA87367,2020-02-29T00:00:00Z,Severe acute respiratory syndrome-related coronavirus,121,ORF8 protein,,Homo sapiens,oronasopharynx,2020-02-10
"",BCA87377,2020-02-29T00:00:00Z,Severe acute respiratory syndrome-related coronavirus,121,ORF8 protein,,Homo sapiens,oronasopharynx,2020-02-10
"",YP_009725307,2020-01-28T00:00:00Z,Severe acute respiratory syndrome-related coronavirus,932,RNA-dependent RNA polymerase,China,Homo sapiens,,2019-12
"",QIH45023,2020-03-04T00:00:00Z,Severe acute respiratory syndrome-related coronavirus,1273,S protein,China,Homo sapiens,,2020-01-26
"",QIH45033,2020-03-04T00:00:00Z,Severe acute respiratory syndrome-related coronavirus,1273,S protein,China,Homo sapiens,,2020-01-28
"",QIH45043,2020-03-04T00:00:00Z,Severe acute respiratory syndrome-related coronavirus,1273,S protein,China,Homo sapiens,,2020-01-28
"",QIH45053,2020-03-04T00:00:00Z,Severe acute respiratory syndrome-related coronavirus,1273,S protein,China,Homo sapiens,,2020-01-28
"",YP_009725310,2020-01-28T00:00:00Z,Severe acute respiratory syndrome-related coronavirus,346,endoRNAse,China,Homo sapiens,,2019-12
"",QIA20046,2020-02-12T00:00:00Z,Severe acute respiratory syndrome-related coronavirus,75,envelope protein,China,Homo sapiens,"lung, oronasopharynx",2020-01-17
"",QIA98598,2020-02-14T00:00:00Z,Severe acute respiratory syndrome-related coronavirus,75,envelope protein,Taiwan,Homo sapiens,,2020-01-31
"",QIA98608,2020-02-14T00:00:00Z,Severe acute respiratory syndrome-related coronavirus,75,envelope protein,Taiwan,Homo sapiens,,2020-02-05
"",QHZ87594,2020-02-12T00:00:00Z,Severe acute respiratory syndrome-related coronavirus,75,envelope protein,USA,Homo sapiens,oronasopharynx,2020-01-27
"",QHZ87584,2020-02-12T00:00:00Z,Severe acute respiratory syndrome-related coronavirus,75,envelope protein,USA,Homo sapiens,"lung, oronasopharynx",2020-01-28
"",QHR63272,2020-01-29T00:00:00Z,Severe acute respiratory syndrome-related coronavirus,75,envelope protein,China,Homo sapiens,lung,2019-12-30
"",QHR63252,2020-01-29T00:00:00Z,Severe acute respiratory syndrome-related coronavirus,75,envelope protein,China,Homo sapiens,lung,2019-12-30
"",QHZ00381,2020-02-11T00:00:00Z,Severe acute respiratory syndrome-related coronavirus,75,envelope protein,South Korea,Homo sapiens,,2020-01
"",QHZ00391,2020-02-11T00:00:00Z,Severe acute respiratory syndrome-related coronavirus,75,envelope protein,USA,Homo sapiens,oronasopharynx,2020-01-31
"",QHZ00401,2020-02-11T00:00:00Z,Severe acute respiratory syndrome-related coronavirus,75,envelope protein,USA,Homo sapiens,oronasopharynx,2020-01-29
"",QHU36846,2020-02-05T00:00:00Z,Severe acute respiratory syndrome-related coronavirus,75,envelope protein,China,Homo sapiens,lung,2019-12-30
"",QHQ82466,2020-01-28T00:00:00Z,Severe acute respiratory syndrome-related coronavirus,75,envelope protein,USA,Homo sapiens,feces,2020-01-22
"",QHO62113,2020-01-28T00:00:00Z,Severe acute respiratory syndrome-related coronavirus,75,envelope protein,China,Homo sapiens,,2020-01-02
"",QHO60596,2020-01-24T00:00:00Z,Severe acute respiratory syndrome-related coronavirus,75,envelope protein,USA,Homo sapiens,oronasopharynx,2020-01-19
"",QHQ71965,2020-01-28T00:00:00Z,Severe acute respiratory syndrome-related coronavirus,75,envelope protein,USA,Homo sapiens,oronasopharynx,2020-01-23
"",QHO62108,2020-01-28T00:00:00Z,Severe acute respiratory syndrome-related coronavirus,75,envelope protein,China,Homo sapiens,,2020-01-02
"",QHU36826,2020-02-05T00:00:00Z,Severe acute respiratory syndrome-related coronavirus,75,envelope protein,China,Homo sapiens,lung,2019-12-23
"",QHW06041,2020-02-07T00:00:00Z,Severe acute respiratory syndrome-related coronavirus,75,envelope protein,USA,Homo sapiens,oronasopharynx,2020-01-29
"",QHW06051,2020-02-07T00:00:00Z,Severe acute respiratory syndrome-related coronavirus,75,envelope protein,USA,Homo sapiens,oronasopharynx,2020-01-29
"",QHW06061,2020-02-07T00:00:00Z,Severe acute respiratory syndrome-related coronavirus,75,envelope protein,USA,Homo sapiens,oronasopharynx,2020-01-29
"",QHN73812,2020-01-24T00:00:00Z,Severe acute respiratory syndrome-related coronavirus,75,envelope protein,China,Homo sapiens,"lung, oronasopharynx",2020-01-11
"",QHU79175,2020-02-05T00:00:00Z,Severe acute respiratory syndrome-related coronavirus,75,envelope protein,Finland,Homo sapiens,,2020-01-29
"",QHU79196,2020-02-05T00:00:00Z,Severe acute respiratory syndrome-related coronavirus,75,envelope protein,USA,Homo sapiens,oronasopharynx,2020-01-25
"",QHU36836,2020-02-05T00:00:00Z,Severe acute respiratory syndrome-related coronavirus,75,envelope protein,China,Homo sapiens,lung,2019-12-30
"",QHU36866,2020-02-05T00:00:00Z,Severe acute respiratory syndrome-related coronavirus,75,envelope protein,China,Homo sapiens,lung,2020-01-01
"",QHU79206,2020-02-05T00:00:00Z,Severe acute respiratory syndrome-related coronavirus,75,envelope protein,USA,Homo sapiens,oronasopharynx,2020-01-25
"",QHU36856,2020-02-05T00:00:00Z,Severe acute respiratory syndrome-related coronavirus,75,envelope protein,China,Homo sapiens,lung,2019-12-30
"",QHR63282,2020-01-29T00:00:00Z,Severe acute respiratory syndrome-related coronavirus,75,envelope protein,China,Homo sapiens,lung,2019-12-30
"",QHD43418,2020-01-12T00:00:00Z,Severe acute respiratory syndrome-related coronavirus,75,envelope protein,China,Homo sapiens,,2019-12
"",QIB84675,2020-02-18T00:00:00Z,Severe acute respiratory syndrome-related coronavirus,75,envelope protein,Nepal,Homo sapiens,oronasopharynx,2020-01-13
"",QHO62879,2020-01-25T00:00:00Z,Severe acute respiratory syndrome-related coronavirus,75,envelope protein,USA,Homo sapiens,"lung, oronasopharynx",2020-01-21
"",QHQ71975,2020-01-28T00:00:00Z,Severe acute respiratory syndrome-related coronavirus,75,envelope protein,USA,Homo sapiens,oronasopharynx,2020-01-22
"",QHN73797,2020-01-24T00:00:00Z,Severe acute respiratory syndrome-related coronavirus,75,envelope protein,China,Homo sapiens,oronasopharynx,2020-01-10
"",QHR84451,2020-01-31T00:00:00Z,Severe acute respiratory syndrome-related coronavirus,75,envelope protein,Australia,Homo sapiens,,2020-01-25
"",QHR63292,2020-01-29T00:00:00Z,Severe acute respiratory syndrome-related coronavirus,75,envelope protein,China,Homo sapiens,lung,2019-12-30
"",YP_009724392,2020-01-13T00:00:00Z,Severe acute respiratory syndrome-related coronavirus,75,envelope protein,China,Homo sapiens,,2019-12
"",QHR63262,2020-01-29T00:00:00Z,Severe acute respiratory syndrome-related coronavirus,75,envelope protein,China,Homo sapiens,lung,2019-12-30
"",QIC53215,2020-02-21T00:00:00Z,Severe acute respiratory syndrome-related coronavirus,75,envelope protein,China,Homo sapiens,oronasopharynx,2020-01-08
"",QID21070,2020-02-24T00:00:00Z,Severe acute respiratory syndrome-related coronavirus,75,envelope protein,USA,Homo sapiens,"lung, oronasopharynx",2020-02-11
"",QIC53206,2020-02-21T00:00:00Z,Severe acute respiratory syndrome-related coronavirus,75,envelope protein,Sweden,Homo sapiens,,2020-02-07
"",QID98796,2020-02-27T00:00:00Z,Severe acute respiratory syndrome-related coronavirus,75,envelope protein,USA,Homo sapiens,lung,2020-02-23
"",QID88859,2020-02-26T00:00:00Z,Severe acute respiratory syndrome-related coronavirus,70,envelope protein,Australia,Homo sapiens,"lung, oronasopharynx",2020-02
"",QID21050,2020-02-24T00:00:00Z,Severe acute respiratory syndrome-related coronavirus,75,envelope protein,USA,Homo sapiens,oronasopharynx,2020-02-06
"",QID21060,2020-02-24T00:00:00Z,Severe acute respiratory syndrome-related coronavirus,75,envelope protein,USA,Homo sapiens,oronasopharynx,2020-02-10
"",QIE07463,2020-02-28T00:00:00Z,Severe acute respiratory syndrome-related coronavirus,75,envelope protein,China,Homo sapiens,lung,2020-01-29
"",BCA87373,2020-02-29T00:00:00Z,Severe acute respiratory syndrome-related coronavirus,75,envelope protein,,Homo sapiens,oronasopharynx,2020-02-10
"",QIE07453,2020-02-28T00:00:00Z,Severe acute respiratory syndrome-related coronavirus,75,envelope protein,China,Homo sapiens,oronasopharynx,2020-02-05
"",BCA87363,2020-02-29T00:00:00Z,Severe acute respiratory syndrome-related coronavirus,75,envelope protein,,Homo sapiens,oronasopharynx,2020-02-10
"",QIG55996,2020-03-02T00:00:00Z,Severe acute respiratory syndrome-related coronavirus,75,envelope protein,Brazil,Homo sapiens,oronasopharynx,2020-02-28
"",YP_009725308,2020-01-28T00:00:00Z,Severe acute respiratory syndrome-related coronavirus,601,helicase,China,Homo sapiens,,2019-12
"",YP_009725297,2020-01-28T00:00:00Z,Severe acute respiratory syndrome-related coronavirus,180,leader protein,China,Homo sapiens,,2019-12
"",QHO62109,2020-01-28T00:00:00Z,Severe acute respiratory syndrome-related coronavirus,222,matrix protein,China,Homo sapiens,,2020-01-02
"",QHO62114,2020-01-28T00:00:00Z,Severe acute respiratory syndrome-related coronavirus,222,matrix protein,China,Homo sapiens,,2020-01-02
"",QIA20047,2020-02-12T00:00:00Z,Severe acute respiratory syndrome-related coronavirus,222,membrane glycoprotein,China,Homo sapiens,"lung, oronasopharynx",2020-01-17
"",QIA98599,2020-02-14T00:00:00Z,Severe acute respiratory syndrome-related coronavirus,222,membrane glycoprotein,Taiwan,Homo sapiens,,2020-01-31
"",QIA98609,2020-02-14T00:00:00Z,Severe acute respiratory syndrome-related coronavirus,222,membrane glycoprotein,Taiwan,Homo sapiens,,2020-02-05
"",QHZ87595,2020-02-12T00:00:00Z,Severe acute respiratory syndrome-related coronavirus,222,membrane glycoprotein,USA,Homo sapiens,oronasopharynx,2020-01-27
"",QHZ87585,2020-02-12T00:00:00Z,Severe acute respiratory syndrome-related coronavirus,222,membrane glycoprotein,USA,Homo sapiens,"lung, oronasopharynx",2020-01-28
"",QHR93622,2020-01-31T00:00:00Z,Severe acute respiratory syndrome-related coronavirus,107,membrane glycoprotein,Italy,Homo sapiens,oronasopharynx,2020-01
"",QHZ00382,2020-02-11T00:00:00Z,Severe acute respiratory syndrome-related coronavirus,222,membrane glycoprotein,South Korea,Homo sapiens,,2020-01
"",QHZ00392,2020-02-11T00:00:00Z,Severe acute respiratory syndrome-related coronavirus,222,membrane glycoprotein,USA,Homo sapiens,oronasopharynx,2020-01-31
"",QHZ00402,2020-02-11T00:00:00Z,Severe acute respiratory syndrome-related coronavirus,222,membrane glycoprotein,USA,Homo sapiens,oronasopharynx,2020-01-29
"",QHU36847,2020-02-05T00:00:00Z,Severe acute respiratory syndrome-related coronavirus,222,membrane glycoprotein,China,Homo sapiens,lung,2019-12-30
"",QHQ82467,2020-01-28T00:00:00Z,Severe acute respiratory syndrome-related coronavirus,222,membrane glycoprotein,USA,Homo sapiens,feces,2020-01-22
"",QHO60597,2020-01-24T00:00:00Z,Severe acute respiratory syndrome-related coronavirus,222,membrane glycoprotein,USA,Homo sapiens,oronasopharynx,2020-01-19
"",QHQ71966,2020-01-28T00:00:00Z,Severe acute respiratory syndrome-related coronavirus,222,membrane glycoprotein,USA,Homo sapiens,oronasopharynx,2020-01-23
"",QHR93621,2020-01-31T00:00:00Z,Severe acute respiratory syndrome-related coronavirus,107,membrane glycoprotein,Italy,Homo sapiens,oronasopharynx,2020-01
"",QHU36827,2020-02-05T00:00:00Z,Severe acute respiratory syndrome-related coronavirus,222,membrane glycoprotein,China,Homo sapiens,lung,2019-12-23
"",QHU36867,2020-02-05T00:00:00Z,Severe acute respiratory syndrome-related coronavirus,222,membrane glycoprotein,China,Homo sapiens,lung,2020-01-01
"",QHW06042,2020-02-07T00:00:00Z,Severe acute respiratory syndrome-related coronavirus,222,membrane glycoprotein,USA,Homo sapiens,oronasopharynx,2020-01-29
"",QHW06052,2020-02-07T00:00:00Z,Severe acute respiratory syndrome-related coronavirus,222,membrane glycoprotein,USA,Homo sapiens,oronasopharynx,2020-01-29
"",QHW06062,2020-02-07T00:00:00Z,Severe acute respiratory syndrome-related coronavirus,222,membrane glycoprotein,USA,Homo sapiens,oronasopharynx,2020-01-29
"",QHN73813,2020-01-24T00:00:00Z,Severe acute respiratory syndrome-related coronavirus,222,membrane glycoprotein,China,Homo sapiens,"lung, oronasopharynx",2020-01-11
"",QHU79176,2020-02-05T00:00:00Z,Severe acute respiratory syndrome-related coronavirus,222,membrane glycoprotein,Finland,Homo sapiens,,2020-01-29
"",QHU79197,2020-02-05T00:00:00Z,Severe acute respiratory syndrome-related coronavirus,222,membrane glycoprotein,USA,Homo sapiens,oronasopharynx,2020-01-25
"",QHU36837,2020-02-05T00:00:00Z,Severe acute respiratory syndrome-related coronavirus,222,membrane glycoprotein,China,Homo sapiens,lung,2019-12-30
"",QHU79207,2020-02-05T00:00:00Z,Severe acute respiratory syndrome-related coronavirus,222,membrane glycoprotein,USA,Homo sapiens,oronasopharynx,2020-01-25
"",QHU36857,2020-02-05T00:00:00Z,Severe acute respiratory syndrome-related coronavirus,222,membrane glycoprotein,China,Homo sapiens,lung,2019-12-30
"",QHD43419,2020-01-12T00:00:00Z,Severe acute respiratory syndrome-related coronavirus,222,membrane glycoprotein,China,Homo sapiens,,2019-12
"",QIB84676,2020-02-18T00:00:00Z,Severe acute respiratory syndrome-related coronavirus,222,membrane glycoprotein,Nepal,Homo sapiens,oronasopharynx,2020-01-13
"",QHO62880,2020-01-25T00:00:00Z,Severe acute respiratory syndrome-related coronavirus,222,membrane glycoprotein,USA,Homo sapiens,"lung, oronasopharynx",2020-01-21
"",QHQ71976,2020-01-28T00:00:00Z,Severe acute respiratory syndrome-related coronavirus,222,membrane glycoprotein,USA,Homo sapiens,oronasopharynx,2020-01-22
"",QHN73798,2020-01-24T00:00:00Z,Severe acute respiratory syndrome-related coronavirus,222,membrane glycoprotein,China,Homo sapiens,oronasopharynx,2020-01-10
"",QHR84452,2020-01-31T00:00:00Z,Severe acute respiratory syndrome-related coronavirus,222,membrane glycoprotein,Australia,Homo sapiens,,2020-01-25
"",YP_009724393,2020-01-13T00:00:00Z,Severe acute respiratory syndrome-related coronavirus,222,membrane glycoprotein,China,Homo sapiens,,2019-12
"",QID21071,2020-02-24T00:00:00Z,Severe acute respiratory syndrome-related coronavirus,222,membrane glycoprotein,USA,Homo sapiens,"lung, oronasopharynx",2020-02-11
"",QIC53207,2020-02-21T00:00:00Z,Severe acute respiratory syndrome-related coronavirus,222,membrane glycoprotein,Sweden,Homo sapiens,,2020-02-07
"",QID98797,2020-02-27T00:00:00Z,Severe acute respiratory syndrome-related coronavirus,222,membrane glycoprotein,USA,Homo sapiens,lung,2020-02-23
"",QID21051,2020-02-24T00:00:00Z,Severe acute respiratory syndrome-related coronavirus,222,membrane glycoprotein,USA,Homo sapiens,oronasopharynx,2020-02-06
"",QID21061,2020-02-24T00:00:00Z,Severe acute respiratory syndrome-related coronavirus,222,membrane glycoprotein,USA,Homo sapiens,oronasopharynx,2020-02-10
"",QIE07464,2020-02-28T00:00:00Z,Severe acute respiratory syndrome-related coronavirus,222,membrane glycoprotein,China,Homo sapiens,lung,2020-01-29
"",BCA87364,2020-02-29T00:00:00Z,Severe acute respiratory syndrome-related coronavirus,222,membrane glycoprotein,,Homo sapiens,oronasopharynx,2020-02-10
"",BCA87374,2020-02-29T00:00:00Z,Severe acute respiratory syndrome-related coronavirus,222,membrane glycoprotein,,Homo sapiens,oronasopharynx,2020-02-10
"",QIE07454,2020-02-28T00:00:00Z,Severe acute respiratory syndrome-related coronavirus,222,membrane glycoprotein,China,Homo sapiens,oronasopharynx,2020-02-05
"",QIG55997,2020-03-02T00:00:00Z,Severe acute respiratory syndrome-related coronavirus,222,membrane glycoprotein,Brazil,Homo sapiens,oronasopharynx,2020-02-28
"",QHR63273,2020-01-29T00:00:00Z,Severe acute respiratory syndrome-related coronavirus,222,membrane protein,China,Homo sapiens,lung,2019-12-30
"",QHR63253,2020-01-29T00:00:00Z,Severe acute respiratory syndrome-related coronavirus,222,membrane protein,China,Homo sapiens,lung,2019-12-30
"",QHR63283,2020-01-29T00:00:00Z,Severe acute respiratory syndrome-related coronavirus,222,membrane protein,China,Homo sapiens,lung,2019-12-30
"",QHR63293,2020-01-29T00:00:00Z,Severe acute respiratory syndrome-related coronavirus,222,membrane protein,China,Homo sapiens,lung,2019-12-30
"",QHR63263,2020-01-29T00:00:00Z,Severe acute respiratory syndrome-related coronavirus,222,membrane protein,China,Homo sapiens,lung,2019-12-30
"",QIC53216,2020-02-21T00:00:00Z,Severe acute respiratory syndrome-related coronavirus,222,membrane protein,China,Homo sapiens,oronasopharynx,2020-01-08
"",QHR63271,2020-01-29T00:00:00Z,Severe acute respiratory syndrome-related coronavirus,275,nonstructural protein NS3,China,Homo sapiens,lung,2019-12-30
"",QHR63251,2020-01-29T00:00:00Z,Severe acute respiratory syndrome-related coronavirus,275,nonstructural protein NS3,China,Homo sapiens,lung,2019-12-30
"",QHR63281,2020-01-29T00:00:00Z,Severe acute respiratory syndrome-related coronavirus,275,nonstructural protein NS3,China,Homo sapiens,lung,2019-12-30
"",QHR63291,2020-01-29T00:00:00Z,Severe acute respiratory syndrome-related coronavirus,275,nonstructural protein NS3,China,Homo sapiens,lung,2019-12-30
"",QHR63261,2020-01-29T00:00:00Z,Severe acute respiratory syndrome-related coronavirus,275,nonstructural protein NS3,China,Homo sapiens,lung,2019-12-30
"",QIC53214,2020-02-21T00:00:00Z,Severe acute respiratory syndrome-related coronavirus,275,nonstructural protein NS3,China,Homo sapiens,oronasopharynx,2020-01-08
"",QHR63274,2020-01-29T00:00:00Z,Severe acute respiratory syndrome-related coronavirus,61,nonstructural protein NS6,China,Homo sapiens,lung,2019-12-30
"",QHR63254,2020-01-29T00:00:00Z,Severe acute respiratory syndrome-related coronavirus,61,nonstructural protein NS6,China,Homo sapiens,lung,2019-12-30
"",QHR63284,2020-01-29T00:00:00Z,Severe acute respiratory syndrome-related coronavirus,61,nonstructural protein NS6,China,Homo sapiens,lung,2019-12-30
"",QHR63294,2020-01-29T00:00:00Z,Severe acute respiratory syndrome-related coronavirus,61,nonstructural protein NS6,China,Homo sapiens,lung,2019-12-30
"",QHR63264,2020-01-29T00:00:00Z,Severe acute respiratory syndrome-related coronavirus,61,nonstructural protein NS6,China,Homo sapiens,lung,2019-12-30
"",QIC53217,2020-02-21T00:00:00Z,Severe acute respiratory syndrome-related coronavirus,61,nonstructural protein NS6,China,Homo sapiens,oronasopharynx,2020-01-08
"",QHR63275,2020-01-29T00:00:00Z,Severe acute respiratory syndrome-related coronavirus,121,nonstructural protein NS7a,China,Homo sapiens,lung,2019-12-30
"",QHR63255,2020-01-29T00:00:00Z,Severe acute respiratory syndrome-related coronavirus,121,nonstructural protein NS7a,China,Homo sapiens,lung,2019-12-30
"",QHR63285,2020-01-29T00:00:00Z,Severe acute respiratory syndrome-related coronavirus,121,nonstructural protein NS7a,China,Homo sapiens,lung,2019-12-30
"",QHR63295,2020-01-29T00:00:00Z,Severe acute respiratory syndrome-related coronavirus,121,nonstructural protein NS7a,China,Homo sapiens,lung,2019-12-30
"",QHR63265,2020-01-29T00:00:00Z,Severe acute respiratory syndrome-related coronavirus,121,nonstructural protein NS7a,China,Homo sapiens,lung,2019-12-30
"",QIC53218,2020-02-21T00:00:00Z,Severe acute respiratory syndrome-related coronavirus,121,nonstructural protein NS7a,China,Homo sapiens,oronasopharynx,2020-01-08
"",QHR63276,2020-01-29T00:00:00Z,Severe acute respiratory syndrome-related coronavirus,43,nonstructural protein NS7b,China,Homo sapiens,lung,2019-12-30
"",QHR63256,2020-01-29T00:00:00Z,Severe acute respiratory syndrome-related coronavirus,43,nonstructural protein NS7b,China,Homo sapiens,lung,2019-12-30
"",QHR63286,2020-01-29T00:00:00Z,Severe acute respiratory syndrome-related coronavirus,43,nonstructural protein NS7b,China,Homo sapiens,lung,2019-12-30
"",QHR63296,2020-01-29T00:00:00Z,Severe acute respiratory syndrome-related coronavirus,43,nonstructural protein NS7b,China,Homo sapiens,lung,2019-12-30
"",QHR63266,2020-01-29T00:00:00Z,Severe acute respiratory syndrome-related coronavirus,43,nonstructural protein NS7b,China,Homo sapiens,lung,2019-12-30
"",QIC53219,2020-02-21T00:00:00Z,Severe acute respiratory syndrome-related coronavirus,43,nonstructural protein NS7b,China,Homo sapiens,oronasopharynx,2020-01-08
"",QHR63277,2020-01-29T00:00:00Z,Severe acute respiratory syndrome-related coronavirus,121,nonstructural protein NS8,China,Homo sapiens,lung,2019-12-30
"",QHR63257,2020-01-29T00:00:00Z,Severe acute respiratory syndrome-related coronavirus,121,nonstructural protein NS8,China,Homo sapiens,lung,2019-12-30
"",QHR63287,2020-01-29T00:00:00Z,Severe acute respiratory syndrome-related coronavirus,121,nonstructural protein NS8,China,Homo sapiens,lung,2019-12-30
"",QHR63297,2020-01-29T00:00:00Z,Severe acute respiratory syndrome-related coronavirus,121,nonstructural protein NS8,China,Homo sapiens,lung,2019-12-30
"",QHR63267,2020-01-29T00:00:00Z,Severe acute respiratory syndrome-related coronavirus,121,nonstructural protein NS8,China,Homo sapiens,lung,2019-12-30
"",QIC53220,2020-02-21T00:00:00Z,Severe acute respiratory syndrome-related coronavirus,121,nonstructural protein NS8,China,Homo sapiens,oronasopharynx,2020-01-08
"",YP_009725306,2020-01-28T00:00:00Z,Severe acute respiratory syndrome-related coronavirus,139,nsp10,China,Homo sapiens,,2019-12
"",YP_009725312,2020-01-28T00:00:00Z,Severe acute respiratory syndrome-related coronavirus,13,nsp11,China,Homo sapiens,,2019-12
"",YP_009725298,2020-01-28T00:00:00Z,Severe acute respiratory syndrome-related coronavirus,638,nsp2,China,Homo sapiens,,2019-12
"",YP_009725299,2020-01-28T00:00:00Z,Severe acute respiratory syndrome-related coronavirus,1945,nsp3,China,Homo sapiens,,2019-12
"",YP_009725300,2020-01-28T00:00:00Z,Severe acute respiratory syndrome-related coronavirus,500,nsp4,China,Homo sapiens,,2019-12
"",YP_009725302,2020-01-28T00:00:00Z,Severe acute respiratory syndrome-related coronavirus,290,nsp6,China,Homo sapiens,,2019-12
"",YP_009725303,2020-01-28T00:00:00Z,Severe acute respiratory syndrome-related coronavirus,83,nsp7,China,Homo sapiens,,2019-12
"",YP_009725304,2020-01-28T00:00:00Z,Severe acute respiratory syndrome-related coronavirus,198,nsp8,China,Homo sapiens,,2019-12
"",YP_009725305,2020-01-28T00:00:00Z,Severe acute respiratory syndrome-related coronavirus,113,nsp9,China,Homo sapiens,,2019-12
"",QIA98602,2020-02-14T00:00:00Z,Severe acute respiratory syndrome-related coronavirus,419,nucleocapsid phosphoprotein,Taiwan,Homo sapiens,,2020-01-31
"",QIA20052,2020-02-12T00:00:00Z,Severe acute respiratory syndrome-related coronavirus,419,nucleocapsid phosphoprotein,China,Homo sapiens,"lung, oronasopharynx",2020-01-17
"",QIA98613,2020-02-14T00:00:00Z,Severe acute respiratory syndrome-related coronavirus,419,nucleocapsid phosphoprotein,Taiwan,Homo sapiens,,2020-02-05
"",QHZ87599,2020-02-12T00:00:00Z,Severe acute respiratory syndrome-related coronavirus,419,nucleocapsid phosphoprotein,USA,Homo sapiens,oronasopharynx,2020-01-27
"",QHZ87589,2020-02-12T00:00:00Z,Severe acute respiratory syndrome-related coronavirus,419,nucleocapsid phosphoprotein,USA,Homo sapiens,"lung, oronasopharynx",2020-01-28
"",QHQ82471,2020-01-28T00:00:00Z,Severe acute respiratory syndrome-related coronavirus,419,nucleocapsid phosphoprotein,USA,Homo sapiens,feces,2020-01-22
"",QHZ00386,2020-02-11T00:00:00Z,Severe acute respiratory syndrome-related coronavirus,419,nucleocapsid phosphoprotein,South Korea,Homo sapiens,,2020-01
"",QHZ00396,2020-02-11T00:00:00Z,Severe acute respiratory syndrome-related coronavirus,419,nucleocapsid phosphoprotein,USA,Homo sapiens,oronasopharynx,2020-01-31
"",QHZ00406,2020-02-11T00:00:00Z,Severe acute respiratory syndrome-related coronavirus,419,nucleocapsid phosphoprotein,USA,Homo sapiens,oronasopharynx,2020-01-29
"",QHU36851,2020-02-05T00:00:00Z,Severe acute respiratory syndrome-related coronavirus,419,nucleocapsid phosphoprotein,China,Homo sapiens,lung,2019-12-30
"",QHQ71970,2020-01-28T00:00:00Z,Severe acute respiratory syndrome-related coronavirus,419,nucleocapsid phosphoprotein,USA,Homo sapiens,oronasopharynx,2020-01-23
"",QHO60601,2020-01-24T00:00:00Z,Severe acute respiratory syndrome-related coronavirus,419,nucleocapsid phosphoprotein,USA,Homo sapiens,oronasopharynx,2020-01-19
"",QHU36871,2020-02-05T00:00:00Z,Severe acute respiratory syndrome-related coronavirus,419,nucleocapsid phosphoprotein,China,Homo sapiens,lung,2020-01-01
"",QHW06046,2020-02-07T00:00:00Z,Severe acute respiratory syndrome-related coronavirus,419,nucleocapsid phosphoprotein,USA,Homo sapiens,oronasopharynx,2020-01-29
"",QHW06056,2020-02-07T00:00:00Z,Severe acute respiratory syndrome-related coronavirus,419,nucleocapsid phosphoprotein,USA,Homo sapiens,oronasopharynx,2020-01-29
"",QHW06066,2020-02-07T00:00:00Z,Severe acute respiratory syndrome-related coronavirus,419,nucleocapsid phosphoprotein,USA,Homo sapiens,oronasopharynx,2020-01-29
"",QHN73817,2020-01-24T00:00:00Z,Severe acute respiratory syndrome-related coronavirus,419,nucleocapsid phosphoprotein,China,Homo sapiens,"lung, oronasopharynx",2020-01-11
"",QHU79181,2020-02-05T00:00:00Z,Severe acute respiratory syndrome-related coronavirus,419,nucleocapsid phosphoprotein,Finland,Homo sapiens,,2020-01-29
"",QHU79201,2020-02-05T00:00:00Z,Severe acute respiratory syndrome-related coronavirus,419,nucleocapsid phosphoprotein,USA,Homo sapiens,oronasopharynx,2020-01-25
"",QHU36831,2020-02-05T00:00:00Z,Severe acute respiratory syndrome-related coronavirus,419,nucleocapsid phosphoprotein,China,Homo sapiens,lung,2019-12-23
"",QHU36841,2020-02-05T00:00:00Z,Severe acute respiratory syndrome-related coronavirus,419,nucleocapsid phosphoprotein,China,Homo sapiens,lung,2019-12-30
"",QHU36861,2020-02-05T00:00:00Z,Severe acute respiratory syndrome-related coronavirus,419,nucleocapsid phosphoprotein,China,Homo sapiens,lung,2019-12-30
"",QHU79211,2020-02-05T00:00:00Z,Severe acute respiratory syndrome-related coronavirus,419,nucleocapsid phosphoprotein,USA,Homo sapiens,oronasopharynx,2020-01-25
"",QHD43423,2020-01-12T00:00:00Z,Severe acute respiratory syndrome-related coronavirus,419,nucleocapsid phosphoprotein,China,Homo sapiens,,2019-12
"",BCA37478,2020-02-13T00:00:00Z,Severe acute respiratory syndrome-related coronavirus,119,nucleocapsid phosphoprotein,Philippines,Homo sapiens,,2020-01-23
"",BCA37477,2020-02-13T00:00:00Z,Severe acute respiratory syndrome-related coronavirus,119,nucleocapsid phosphoprotein,Philippines,Homo sapiens,,2020-01-26
"",BCA37476,2020-02-13T00:00:00Z,Severe acute respiratory syndrome-related coronavirus,119,nucleocapsid phosphoprotein,Philippines,Homo sapiens,,2020-02-06
"",QIB84680,2020-02-18T00:00:00Z,Severe acute respiratory syndrome-related coronavirus,419,nucleocapsid phosphoprotein,Nepal,Homo sapiens,oronasopharynx,2020-01-13
"",QHO62884,2020-01-25T00:00:00Z,Severe acute respiratory syndrome-related coronavirus,419,nucleocapsid phosphoprotein,USA,Homo sapiens,"lung, oronasopharynx",2020-01-21
"",QHQ71980,2020-01-28T00:00:00Z,Severe acute respiratory syndrome-related coronavirus,419,nucleocapsid phosphoprotein,USA,Homo sapiens,oronasopharynx,2020-01-22
"",QHN73802,2020-01-24T00:00:00Z,Severe acute respiratory syndrome-related coronavirus,419,nucleocapsid phosphoprotein,China,Homo sapiens,oronasopharynx,2020-01-10
"",QHR84456,2020-01-31T00:00:00Z,Severe acute respiratory syndrome-related coronavirus,419,nucleocapsid phosphoprotein,Australia,Homo sapiens,,2020-01-25
"",YP_009724397,2020-01-13T00:00:00Z,Severe acute respiratory syndrome-related coronavirus,419,nucleocapsid phosphoprotein,China,Homo sapiens,,2019-12
"",QID21075,2020-02-24T00:00:00Z,Severe acute respiratory syndrome-related coronavirus,419,nucleocapsid phosphoprotein,USA,Homo sapiens,"lung, oronasopharynx",2020-02-11
"",QIC53211,2020-02-21T00:00:00Z,Severe acute respiratory syndrome-related coronavirus,419,nucleocapsid phosphoprotein,Sweden,Homo sapiens,,2020-02-07
"",QIC50511,2020-02-20T00:00:00Z,Severe acute respiratory syndrome-related coronavirus,419,nucleocapsid phosphoprotein,China,Homo sapiens,,2020-01-26
"",QIC50507,2020-02-20T00:00:00Z,Severe acute respiratory syndrome-related coronavirus,419,nucleocapsid phosphoprotein,China,Homo sapiens,,2020-01-22
"",QIC50508,2020-02-20T00:00:00Z,Severe acute respiratory syndrome-related coronavirus,419,nucleocapsid phosphoprotein,China,Homo sapiens,,2020-01-23
"",QIC50509,2020-02-20T00:00:00Z,Severe acute respiratory syndrome-related coronavirus,419,nucleocapsid phosphoprotein,China,Homo sapiens,,2020-01-23
"",QIC50510,2020-02-20T00:00:00Z,Severe acute respiratory syndrome-related coronavirus,419,nucleocapsid phosphoprotein,China,Homo sapiens,,2020-01-25
"",QIC50512,2020-02-20T00:00:00Z,Severe acute respiratory syndrome-related coronavirus,419,nucleocapsid phosphoprotein,China,Homo sapiens,,2020-01-28
"",QIC50513,2020-02-20T00:00:00Z,Severe acute respiratory syndrome-related coronavirus,419,nucleocapsid phosphoprotein,China,Homo sapiens,,2020-01-30
"",QIC50514,2020-02-20T00:00:00Z,Severe acute respiratory syndrome-related coronavirus,419,nucleocapsid phosphoprotein,China,Homo sapiens,,2020-01-30
"",QIC50515,2020-02-20T00:00:00Z,Severe acute respiratory syndrome-related coronavirus,419,nucleocapsid phosphoprotein,China,Homo sapiens,,2020-01-31
"",QIC50516,2020-02-20T00:00:00Z,Severe acute respiratory syndrome-related coronavirus,419,nucleocapsid phosphoprotein,China,Homo sapiens,,2020-02-06
"",QID98801,2020-02-27T00:00:00Z,Severe acute respiratory syndrome-related coronavirus,419,nucleocapsid phosphoprotein,USA,Homo sapiens,lung,2020-02-23
"",QID21055,2020-02-24T00:00:00Z,Severe acute respiratory syndrome-related coronavirus,419,nucleocapsid phosphoprotein,USA,Homo sapiens,oronasopharynx,2020-02-06
"",QID21065,2020-02-24T00:00:00Z,Severe acute respiratory syndrome-related coronavirus,419,nucleocapsid phosphoprotein,USA,Homo sapiens,oronasopharynx,2020-02-10
"",QIE07468,2020-02-28T00:00:00Z,Severe acute respiratory syndrome-related coronavirus,419,nucleocapsid phosphoprotein,China,Homo sapiens,lung,2020-01-29
"",BCA87368,2020-02-29T00:00:00Z,Severe acute respiratory syndrome-related coronavirus,419,nucleocapsid phosphoprotein,,Homo sapiens,oronasopharynx,2020-02-10
"",BCA87378,2020-02-29T00:00:00Z,Severe acute respiratory syndrome-related coronavirus,419,nucleocapsid phosphoprotein,,Homo sapiens,oronasopharynx,2020-02-10
"",QIE07458,2020-02-28T00:00:00Z,Severe acute respiratory syndrome-related coronavirus,419,nucleocapsid phosphoprotein,China,Homo sapiens,oronasopharynx,2020-02-05
"",QIG56001,2020-03-02T00:00:00Z,Severe acute respiratory syndrome-related coronavirus,419,nucleocapsid phosphoprotein,Brazil,Homo sapiens,oronasopharynx,2020-02-28
"",QHR63278,2020-01-29T00:00:00Z,Severe acute respiratory syndrome-related coronavirus,419,nucleocapsid protein,China,Homo sapiens,lung,2019-12-30
"",QHR63258,2020-01-29T00:00:00Z,Severe acute respiratory syndrome-related coronavirus,419,nucleocapsid protein,China,Homo sapiens,lung,2019-12-30
"",QHO62110,2020-01-28T00:00:00Z,Severe acute respiratory syndrome-related coronavirus,419,nucleocapsid protein,China,Homo sapiens,,2020-01-02
"",QHO62115,2020-01-28T00:00:00Z,Severe acute respiratory syndrome-related coronavirus,419,nucleocapsid protein,China,Homo sapiens,,2020-01-02
"",QHR63288,2020-01-29T00:00:00Z,Severe acute respiratory syndrome-related coronavirus,419,nucleocapsid protein,China,Homo sapiens,lung,2019-12-30
"",QHR63298,2020-01-29T00:00:00Z,Severe acute respiratory syndrome-related coronavirus,419,nucleocapsid protein,China,Homo sapiens,lung,2019-12-30
"",QHR63268,2020-01-29T00:00:00Z,Severe acute respiratory syndrome-related coronavirus,419,nucleocapsid protein,China,Homo sapiens,lung,2019-12-30
"",QIC53221,2020-02-21T00:00:00Z,Severe acute respiratory syndrome-related coronavirus,419,nucleocapsid protein,China,Homo sapiens,oronasopharynx,2020-01-08
"",QHZ87600,2020-02-12T00:00:00Z,Severe acute respiratory syndrome-related coronavirus,38,orf10 protein,USA,Homo sapiens,oronasopharynx,2020-01-27
"",QHZ87590,2020-02-12T00:00:00Z,Severe acute respiratory syndrome-related coronavirus,38,orf10 protein,USA,Homo sapiens,"lung, oronasopharynx",2020-01-28
"",QHZ00397,2020-02-11T00:00:00Z,Severe acute respiratory syndrome-related coronavirus,38,orf10 protein,USA,Homo sapiens,oronasopharynx,2020-01-31
"",QHZ00407,2020-02-11T00:00:00Z,Severe acute respiratory syndrome-related coronavirus,38,orf10 protein,USA,Homo sapiens,oronasopharynx,2020-01-29
"",QHQ82472,2020-01-28T00:00:00Z,Severe acute respiratory syndrome-related coronavirus,38,orf10 protein,USA,Homo sapiens,feces,2020-01-22
"",QHQ71971,2020-01-28T00:00:00Z,Severe acute respiratory syndrome-related coronavirus,38,orf10 protein,USA,Homo sapiens,oronasopharynx,2020-01-23
"",QHO60602,2020-01-24T00:00:00Z,Severe acute respiratory syndrome-related coronavirus,38,orf10 protein,USA,Homo sapiens,oronasopharynx,2020-01-19
"",QHW06047,2020-02-07T00:00:00Z,Severe acute respiratory syndrome-related coronavirus,38,orf10 protein,USA,Homo sapiens,oronasopharynx,2020-01-29
"",QHW06057,2020-02-07T00:00:00Z,Severe acute respiratory syndrome-related coronavirus,38,orf10 protein,USA,Homo sapiens,oronasopharynx,2020-01-29
"",QHW06067,2020-02-07T00:00:00Z,Severe acute respiratory syndrome-related coronavirus,38,orf10 protein,USA,Homo sapiens,oronasopharynx,2020-01-29
"",QHU79202,2020-02-05T00:00:00Z,Severe acute respiratory syndrome-related coronavirus,38,orf10 protein,USA,Homo sapiens,oronasopharynx,2020-01-25
"",QHU79212,2020-02-05T00:00:00Z,Severe acute respiratory syndrome-related coronavirus,38,orf10 protein,USA,Homo sapiens,oronasopharynx,2020-01-25
"",QHO62885,2020-01-25T00:00:00Z,Severe acute respiratory syndrome-related coronavirus,38,orf10 protein,USA,Homo sapiens,"lung, oronasopharynx",2020-01-21
"",QHQ71981,2020-01-28T00:00:00Z,Severe acute respiratory syndrome-related coronavirus,38,orf10 protein,USA,Homo sapiens,oronasopharynx,2020-01-22
"",QID21076,2020-02-24T00:00:00Z,Severe acute respiratory syndrome-related coronavirus,38,orf10 protein,USA,Homo sapiens,"lung, oronasopharynx",2020-02-11
"",QID98802,2020-02-27T00:00:00Z,Severe acute respiratory syndrome-related coronavirus,38,orf10 protein,USA,Homo sapiens,lung,2020-02-23
"",QID21056,2020-02-24T00:00:00Z,Severe acute respiratory syndrome-related coronavirus,38,orf10 protein,USA,Homo sapiens,oronasopharynx,2020-02-06
"",QID21066,2020-02-24T00:00:00Z,Severe acute respiratory syndrome-related coronavirus,38,orf10 protein,USA,Homo sapiens,oronasopharynx,2020-02-10
"",QIG56002,2020-03-02T00:00:00Z,Severe acute respiratory syndrome-related coronavirus,38,orf10 protein,Brazil,Homo sapiens,oronasopharynx,2020-02-28
"",QHU79172,2020-02-05T00:00:00Z,Severe acute respiratory syndrome-related coronavirus,4405,orf1a polyprotein,Finland,Homo sapiens,,2020-01-29
"",YP_009725295,2020-01-28T00:00:00Z,Severe acute respiratory syndrome-related coronavirus,4405,orf1a polyprotein,China,Homo sapiens,,2019-12
"",QIA98594,2020-02-14T00:00:00Z,Severe acute respiratory syndrome-related coronavirus,96,orf1ab polyprotein,Malaysia,Homo sapiens,oronasopharynx,2020-01-24
"",QIA98595,2020-02-14T00:00:00Z,Severe acute respiratory syndrome-related coronavirus,7096,orf1ab polyprotein,Taiwan,Homo sapiens,,2020-01-31
"",QIA20043,2020-02-12T00:00:00Z,Severe acute respiratory syndrome-related coronavirus,4405,orf1ab polyprotein,China,Homo sapiens,"lung, oronasopharynx",2020-01-17
"",QIA20042,2020-02-12T00:00:00Z,Severe acute respiratory syndrome-related coronavirus,7096,orf1ab polyprotein,China,Homo sapiens,"lung, oronasopharynx",2020-01-17
"",QHZ87576,2020-02-12T00:00:00Z,Severe acute respiratory syndrome-related coronavirus,98,orf1ab polyprotein,China,Homo sapiens,swab,2020-01
"",QIA98605,2020-02-14T00:00:00Z,Severe acute respiratory syndrome-related coronavirus,7096,orf1ab polyprotein,Taiwan,Homo sapiens,,2020-02-05
"",QHZ87591,2020-02-12T00:00:00Z,Severe acute respiratory syndrome-related coronavirus,7088,orf1ab polyprotein,USA,Homo sapiens,oronasopharynx,2020-01-27
"",QHZ87580,2020-02-12T00:00:00Z,Severe acute respiratory syndrome-related coronavirus,98,orf1ab polyprotein,China,Homo sapiens,swab,2020-01
"",QHZ87581,2020-02-12T00:00:00Z,Severe acute respiratory syndrome-related coronavirus,7096,orf1ab polyprotein,USA,Homo sapiens,"lung, oronasopharynx",2020-01-28
"",QHZ87577,2020-02-12T00:00:00Z,Severe acute respiratory syndrome-related coronavirus,98,orf1ab polyprotein,China,Homo sapiens,swab,2020-01
"",QHN69983,2020-01-23T00:00:00Z,Severe acute respiratory syndrome-related coronavirus,96,orf1ab polyprotein,Thailand,Homo sapiens,"lung, oronasopharynx",2020-01-13
"",QHQ82463,2020-01-28T00:00:00Z,Severe acute respiratory syndrome-related coronavirus,7096,orf1ab polyprotein,USA,Homo sapiens,feces,2020-01-22
"",QHR63269,2020-01-29T00:00:00Z,Severe acute respiratory syndrome-related coronavirus,7096,orf1ab polyprotein,China,Homo sapiens,lung,2019-12-30
"",QHR63249,2020-01-29T00:00:00Z,Severe acute respiratory syndrome-related coronavirus,7096,orf1ab polyprotein,China,Homo sapiens,lung,2019-12-30
"",BBZ90167,2020-02-08T00:00:00Z,Severe acute respiratory syndrome-related coronavirus,60,orf1ab polyprotein,Philippines,Homo sapiens,,2020-01-26
"",QHZ00357,2020-02-11T00:00:00Z,Severe acute respiratory syndrome-related coronavirus,7096,orf1ab polyprotein,China,Homo sapiens,"lung, oronasopharynx",2020-01-20
"",QHZ00378,2020-02-11T00:00:00Z,Severe acute respiratory syndrome-related coronavirus,7096,orf1ab polyprotein,South Korea,Homo sapiens,,2020-01
"",QHZ00388,2020-02-11T00:00:00Z,Severe acute respiratory syndrome-related coronavirus,7095,orf1ab polyprotein,USA,Homo sapiens,oronasopharynx,2020-01-31
"",QHZ00398,2020-02-11T00:00:00Z,Severe acute respiratory syndrome-related coronavirus,7096,orf1ab polyprotein,USA,Homo sapiens,oronasopharynx,2020-01-29
"",QHU36843,2020-02-05T00:00:00Z,Severe acute respiratory syndrome-related coronavirus,7096,orf1ab polyprotein,China,Homo sapiens,lung,2019-12-30
"",QHN69982,2020-01-23T00:00:00Z,Severe acute respiratory syndrome-related coronavirus,96,orf1ab polyprotein,Thailand,Homo sapiens,"lung, oronasopharynx",2020-01-08
"",QHQ71962,2020-01-28T00:00:00Z,Severe acute respiratory syndrome-related coronavirus,7096,orf1ab polyprotein,USA,Homo sapiens,oronasopharynx,2020-01-23
"",QHO62111,2020-01-28T00:00:00Z,Severe acute respiratory syndrome-related coronavirus,7096,orf1ab polyprotein,China,Homo sapiens,,2020-01-02
"",QHO62106,2020-01-28T00:00:00Z,Severe acute respiratory syndrome-related coronavirus,7096,orf1ab polyprotein,China,Homo sapiens,,2020-01-02
"",QHO60603,2020-01-24T00:00:00Z,Severe acute respiratory syndrome-related coronavirus,7096,orf1ab polyprotein,USA,Homo sapiens,oronasopharynx,2020-01-19
"",QHW06038,2020-02-07T00:00:00Z,Severe acute respiratory syndrome-related coronavirus,7096,orf1ab polyprotein,USA,Homo sapiens,oronasopharynx,2020-01-29
"",QHW06048,2020-02-07T00:00:00Z,Severe acute respiratory syndrome-related coronavirus,7096,orf1ab polyprotein,USA,Homo sapiens,oronasopharynx,2020-01-29
"",QHW06058,2020-02-07T00:00:00Z,Severe acute respiratory syndrome-related coronavirus,7096,orf1ab polyprotein,USA,Homo sapiens,oronasopharynx,2020-01-29
"",QHN73809,2020-01-24T00:00:00Z,Severe acute respiratory syndrome-related coronavirus,7096,orf1ab polyprotein,China,Homo sapiens,"lung, oronasopharynx",2020-01-11
"",QHU79171,2020-02-05T00:00:00Z,Severe acute respiratory syndrome-related coronavirus,7096,orf1ab polyprotein,Finland,Homo sapiens,,2020-01-29
"",QHU79193,2020-02-05T00:00:00Z,Severe acute respiratory syndrome-related coronavirus,7096,orf1ab polyprotein,USA,Homo sapiens,oronasopharynx,2020-01-25
"",QHU36823,2020-02-05T00:00:00Z,Severe acute respiratory syndrome-related coronavirus,7096,orf1ab polyprotein,China,Homo sapiens,lung,2019-12-23
"",QHU36833,2020-02-05T00:00:00Z,Severe acute respiratory syndrome-related coronavirus,7096,orf1ab polyprotein,China,Homo sapiens,lung,2019-12-30
"",QHU36863,2020-02-05T00:00:00Z,Severe acute respiratory syndrome-related coronavirus,7096,orf1ab polyprotein,China,Homo sapiens,lung,2020-01-01
"",QHU79203,2020-02-05T00:00:00Z,Severe acute respiratory syndrome-related coronavirus,7096,orf1ab polyprotein,USA,Homo sapiens,oronasopharynx,2020-01-25
"",QHU36853,2020-02-05T00:00:00Z,Severe acute respiratory syndrome-related coronavirus,7096,orf1ab polyprotein,China,Homo sapiens,lung,2019-12-30
"",QHR63279,2020-01-29T00:00:00Z,Severe acute respiratory syndrome-related coronavirus,7096,orf1ab polyprotein,China,Homo sapiens,lung,2019-12-30
"",QHZ87578,2020-02-12T00:00:00Z,Severe acute respiratory syndrome-related coronavirus,98,orf1ab polyprotein,China,Homo sapiens,swab,2020-01
"",QHZ87575,2020-02-12T00:00:00Z,Severe acute respiratory syndrome-related coronavirus,98,orf1ab polyprotein,China,Homo sapiens,swab,2020-01
"",QHZ87579,2020-02-12T00:00:00Z,Severe acute respiratory syndrome-related coronavirus,98,orf1ab polyprotein,China,Homo sapiens,swab,2020-01
"",QIB84671,2020-02-18T00:00:00Z,Severe acute respiratory syndrome-related coronavirus,269,orf1ab polyprotein,Belgium,Homo sapiens,,2020-02-03
"",QIB84670,2020-02-18T00:00:00Z,Severe acute respiratory syndrome-related coronavirus,223,orf1ab polyprotein,Belgium,Homo sapiens,,2020-02-03
"",QHD43415,2020-01-12T00:00:00Z,Severe acute respiratory syndrome-related coronavirus,7096,orf1ab polyprotein,China,Homo sapiens,,2019-12
"",QIA98592,2020-02-14T00:00:00Z,Severe acute respiratory syndrome-related coronavirus,96,orf1ab polyprotein,Malaysia,Homo sapiens,oronasopharynx,2020-01-24
"",QIA98593,2020-02-14T00:00:00Z,Severe acute respiratory syndrome-related coronavirus,96,orf1ab polyprotein,Malaysia,Homo sapiens,oronasopharynx,2020-01-24
"",QIB84672,2020-02-18T00:00:00Z,Severe acute respiratory syndrome-related coronavirus,7096,orf1ab polyprotein,Nepal,Homo sapiens,oronasopharynx,2020-01-13
"",QHQ71972,2020-01-28T00:00:00Z,Severe acute respiratory syndrome-related coronavirus,7096,orf1ab polyprotein,USA,Homo sapiens,oronasopharynx,2020-01-22
"",QHO62876,2020-01-25T00:00:00Z,Severe acute respiratory syndrome-related coronavirus,7096,orf1ab polyprotein,USA,Homo sapiens,"lung, oronasopharynx",2020-01-21
"",QHR84448,2020-01-31T00:00:00Z,Severe acute respiratory syndrome-related coronavirus,7096,orf1ab polyprotein,Australia,Homo sapiens,,2020-01-25
"",QHR63289,2020-01-29T00:00:00Z,Severe acute respiratory syndrome-related coronavirus,7096,orf1ab polyprotein,China,Homo sapiens,lung,2019-12-30
"",YP_009724389,2020-01-13T00:00:00Z,Severe acute respiratory syndrome-related coronavirus,7096,orf1ab polyprotein,China,Homo sapiens,,2019-12
"",QHR63259,2020-01-29T00:00:00Z,Severe acute respiratory syndrome-related coronavirus,7096,orf1ab polyprotein,China,Homo sapiens,lung,2019-12-30
"",QIC53222,2020-02-21T00:00:00Z,Severe acute respiratory syndrome-related coronavirus,7096,orf1ab polyprotein,China,Homo sapiens,oronasopharynx,2020-01-08
"",QID21067,2020-02-24T00:00:00Z,Severe acute respiratory syndrome-related coronavirus,7096,orf1ab polyprotein,USA,Homo sapiens,"lung, oronasopharynx",2020-02-11
"",QIC53203,2020-02-21T00:00:00Z,Severe acute respiratory syndrome-related coronavirus,7096,orf1ab polyprotein,Sweden,Homo sapiens,,2020-02-07
"",QID98793,2020-02-27T00:00:00Z,Severe acute respiratory syndrome-related coronavirus,7096,orf1ab polyprotein,USA,Homo sapiens,lung,2020-02-23
"",QID21047,2020-02-24T00:00:00Z,Severe acute respiratory syndrome-related coronavirus,7096,orf1ab polyprotein,USA,Homo sapiens,oronasopharynx,2020-02-06
"",QID21057,2020-02-24T00:00:00Z,Severe acute respiratory syndrome-related coronavirus,7096,orf1ab polyprotein,USA,Homo sapiens,oronasopharynx,2020-02-10
"",QIE07460,2020-02-28T00:00:00Z,Severe acute respiratory syndrome-related coronavirus,7096,orf1ab polyprotein,China,Homo sapiens,lung,2020-01-29
"",QIH45022,2020-03-04T00:00:00Z,Severe acute respiratory syndrome-related coronavirus,7096,orf1ab polyprotein,China,Homo sapiens,,2020-01-26
"",QIH45032,2020-03-04T00:00:00Z,Severe acute respiratory syndrome-related coronavirus,7096,orf1ab polyprotein,China,Homo sapiens,,2020-01-28
"",QIH45042,2020-03-04T00:00:00Z,Severe acute respiratory syndrome-related coronavirus,7096,orf1ab polyprotein,China,Homo sapiens,,2020-01-28
"",QIH45052,2020-03-04T00:00:00Z,Severe acute respiratory syndrome-related coronavirus,7096,orf1ab polyprotein,China,Homo sapiens,,2020-01-28
"",BCA87360,2020-02-29T00:00:00Z,Severe acute respiratory syndrome-related coronavirus,7096,orf1ab polyprotein,,Homo sapiens,oronasopharynx,2020-02-10
"",BCA87370,2020-02-29T00:00:00Z,Severe acute respiratory syndrome-related coronavirus,7096,orf1ab polyprotein,,Homo sapiens,oronasopharynx,2020-02-10
"",QIE07450,2020-02-28T00:00:00Z,Severe acute respiratory syndrome-related coronavirus,7096,orf1ab polyprotein,China,Homo sapiens,oronasopharynx,2020-02-05
"",QIG55993,2020-03-02T00:00:00Z,Severe acute respiratory syndrome-related coronavirus,7096,orf1ab polyprotein,Brazil,Homo sapiens,oronasopharynx,2020-02-28
"",QHZ87593,2020-02-12T00:00:00Z,Severe acute respiratory syndrome-related coronavirus,275,orf3a protein,USA,Homo sapiens,oronasopharynx,2020-01-27
"",QHZ87583,2020-02-12T00:00:00Z,Severe acute respiratory syndrome-related coronavirus,275,orf3a protein,USA,Homo sapiens,"lung, oronasopharynx",2020-01-28
"",QHZ00390,2020-02-11T00:00:00Z,Severe acute respiratory syndrome-related coronavirus,275,orf3a protein,USA,Homo sapiens,oronasopharynx,2020-01-31
"",QHZ00400,2020-02-11T00:00:00Z,Severe acute respiratory syndrome-related coronavirus,275,orf3a protein,USA,Homo sapiens,oronasopharynx,2020-01-29
"",QHQ82465,2020-01-28T00:00:00Z,Severe acute respiratory syndrome-related coronavirus,275,orf3a protein,USA,Homo sapiens,feces,2020-01-22
"",QHQ71964,2020-01-28T00:00:00Z,Severe acute respiratory syndrome-related coronavirus,275,orf3a protein,USA,Homo sapiens,oronasopharynx,2020-01-23
"",QHO60595,2020-01-24T00:00:00Z,Severe acute respiratory syndrome-related coronavirus,275,orf3a protein,USA,Homo sapiens,oronasopharynx,2020-01-19
"",QHW06040,2020-02-07T00:00:00Z,Severe acute respiratory syndrome-related coronavirus,275,orf3a protein,USA,Homo sapiens,oronasopharynx,2020-01-29
"",QHW06050,2020-02-07T00:00:00Z,Severe acute respiratory syndrome-related coronavirus,275,orf3a protein,USA,Homo sapiens,oronasopharynx,2020-01-29
"",QHW06060,2020-02-07T00:00:00Z,Severe acute respiratory syndrome-related coronavirus,275,orf3a protein,USA,Homo sapiens,oronasopharynx,2020-01-29
"",QHU79195,2020-02-05T00:00:00Z,Severe acute respiratory syndrome-related coronavirus,275,orf3a protein,USA,Homo sapiens,oronasopharynx,2020-01-25
"",QHU79205,2020-02-05T00:00:00Z,Severe acute respiratory syndrome-related coronavirus,275,orf3a protein,USA,Homo sapiens,oronasopharynx,2020-01-25
"",QHO62878,2020-01-25T00:00:00Z,Severe acute respiratory syndrome-related coronavirus,275,orf3a protein,USA,Homo sapiens,"lung, oronasopharynx",2020-01-21
"",QHQ71974,2020-01-28T00:00:00Z,Severe acute respiratory syndrome-related coronavirus,275,orf3a protein,USA,Homo sapiens,oronasopharynx,2020-01-22
"",QID21069,2020-02-24T00:00:00Z,Severe acute respiratory syndrome-related coronavirus,275,orf3a protein,USA,Homo sapiens,"lung, oronasopharynx",2020-02-11
"",QID98795,2020-02-27T00:00:00Z,Severe acute respiratory syndrome-related coronavirus,275,orf3a protein,USA,Homo sapiens,lung,2020-02-23
"",QID21049,2020-02-24T00:00:00Z,Severe acute respiratory syndrome-related coronavirus,275,orf3a protein,USA,Homo sapiens,oronasopharynx,2020-02-06
"",QID21059,2020-02-24T00:00:00Z,Severe acute respiratory syndrome-related coronavirus,275,orf3a protein,USA,Homo sapiens,oronasopharynx,2020-02-10
"",QIG55995,2020-03-02T00:00:00Z,Severe acute respiratory syndrome-related coronavirus,275,orf3a protein,Brazil,Homo sapiens,oronasopharynx,2020-02-28
"",QHZ87596,2020-02-12T00:00:00Z,Severe acute respiratory syndrome-related coronavirus,61,orf6 protein,USA,Homo sapiens,oronasopharynx,2020-01-27
"",QHZ87586,2020-02-12T00:00:00Z,Severe acute respiratory syndrome-related coronavirus,61,orf6 protein,USA,Homo sapiens,"lung, oronasopharynx",2020-01-28
"",QHQ82468,2020-01-28T00:00:00Z,Severe acute respiratory syndrome-related coronavirus,61,orf6 protein,USA,Homo sapiens,feces,2020-01-22
"",QHZ00393,2020-02-11T00:00:00Z,Severe acute respiratory syndrome-related coronavirus,61,orf6 protein,USA,Homo sapiens,oronasopharynx,2020-01-31
"",QHZ00403,2020-02-11T00:00:00Z,Severe acute respiratory syndrome-related coronavirus,61,orf6 protein,USA,Homo sapiens,oronasopharynx,2020-01-29
"",QHO60598,2020-01-24T00:00:00Z,Severe acute respiratory syndrome-related coronavirus,61,orf6 protein,USA,Homo sapiens,oronasopharynx,2020-01-19
"",QHQ71967,2020-01-28T00:00:00Z,Severe acute respiratory syndrome-related coronavirus,61,orf6 protein,USA,Homo sapiens,oronasopharynx,2020-01-23
"",QHW06043,2020-02-07T00:00:00Z,Severe acute respiratory syndrome-related coronavirus,61,orf6 protein,USA,Homo sapiens,oronasopharynx,2020-01-29
"",QHW06053,2020-02-07T00:00:00Z,Severe acute respiratory syndrome-related coronavirus,61,orf6 protein,USA,Homo sapiens,oronasopharynx,2020-01-29
"",QHW06063,2020-02-07T00:00:00Z,Severe acute respiratory syndrome-related coronavirus,61,orf6 protein,USA,Homo sapiens,oronasopharynx,2020-01-29
"",QHU79198,2020-02-05T00:00:00Z,Severe acute respiratory syndrome-related coronavirus,61,orf6 protein,USA,Homo sapiens,oronasopharynx,2020-01-25
"",QHU79208,2020-02-05T00:00:00Z,Severe acute respiratory syndrome-related coronavirus,61,orf6 protein,USA,Homo sapiens,oronasopharynx,2020-01-25
"",QHO62881,2020-01-25T00:00:00Z,Severe acute respiratory syndrome-related coronavirus,61,orf6 protein,USA,Homo sapiens,"lung, oronasopharynx",2020-01-21
"",QHQ71977,2020-01-28T00:00:00Z,Severe acute respiratory syndrome-related coronavirus,61,orf6 protein,USA,Homo sapiens,oronasopharynx,2020-01-22
"",QID21072,2020-02-24T00:00:00Z,Severe acute respiratory syndrome-related coronavirus,61,orf6 protein,USA,Homo sapiens,"lung, oronasopharynx",2020-02-11
"",QID98798,2020-02-27T00:00:00Z,Severe acute respiratory syndrome-related coronavirus,61,orf6 protein,USA,Homo sapiens,lung,2020-02-23
"",QID21052,2020-02-24T00:00:00Z,Severe acute respiratory syndrome-related coronavirus,61,orf6 protein,USA,Homo sapiens,oronasopharynx,2020-02-06
"",QID21062,2020-02-24T00:00:00Z,Severe acute respiratory syndrome-related coronavirus,61,orf6 protein,USA,Homo sapiens,oronasopharynx,2020-02-10
"",QIG55998,2020-03-02T00:00:00Z,Severe acute respiratory syndrome-related coronavirus,61,orf6 protein,Brazil,Homo sapiens,oronasopharynx,2020-02-28
"",QHZ87597,2020-02-12T00:00:00Z,Severe acute respiratory syndrome-related coronavirus,121,orf7a protein,USA,Homo sapiens,oronasopharynx,2020-01-27
"",QHZ87587,2020-02-12T00:00:00Z,Severe acute respiratory syndrome-related coronavirus,121,orf7a protein,USA,Homo sapiens,"lung, oronasopharynx",2020-01-28
"",QHZ00394,2020-02-11T00:00:00Z,Severe acute respiratory syndrome-related coronavirus,121,orf7a protein,USA,Homo sapiens,oronasopharynx,2020-01-31
"",QHZ00404,2020-02-11T00:00:00Z,Severe acute respiratory syndrome-related coronavirus,121,orf7a protein,USA,Homo sapiens,oronasopharynx,2020-01-29
"",QHQ82469,2020-01-28T00:00:00Z,Severe acute respiratory syndrome-related coronavirus,121,orf7a protein,USA,Homo sapiens,feces,2020-01-22
"",QHO60599,2020-01-24T00:00:00Z,Severe acute respiratory syndrome-related coronavirus,121,orf7a protein,USA,Homo sapiens,oronasopharynx,2020-01-19
"",QHQ71968,2020-01-28T00:00:00Z,Severe acute respiratory syndrome-related coronavirus,121,orf7a protein,USA,Homo sapiens,oronasopharynx,2020-01-23
"",QHW06044,2020-02-07T00:00:00Z,Severe acute respiratory syndrome-related coronavirus,121,orf7a protein,USA,Homo sapiens,oronasopharynx,2020-01-29
"",QHW06054,2020-02-07T00:00:00Z,Severe acute respiratory syndrome-related coronavirus,121,orf7a protein,USA,Homo sapiens,oronasopharynx,2020-01-29
"",QHW06064,2020-02-07T00:00:00Z,Severe acute respiratory syndrome-related coronavirus,121,orf7a protein,USA,Homo sapiens,oronasopharynx,2020-01-29
"",QHU79199,2020-02-05T00:00:00Z,Severe acute respiratory syndrome-related coronavirus,121,orf7a protein,USA,Homo sapiens,oronasopharynx,2020-01-25
"",QHU79209,2020-02-05T00:00:00Z,Severe acute respiratory syndrome-related coronavirus,121,orf7a protein,USA,Homo sapiens,oronasopharynx,2020-01-25
"",QHO62882,2020-01-25T00:00:00Z,Severe acute respiratory syndrome-related coronavirus,121,orf7a protein,USA,Homo sapiens,"lung, oronasopharynx",2020-01-21
"",QHQ71978,2020-01-28T00:00:00Z,Severe acute respiratory syndrome-related coronavirus,121,orf7a protein,USA,Homo sapiens,oronasopharynx,2020-01-22
"",QID21073,2020-02-24T00:00:00Z,Severe acute respiratory syndrome-related coronavirus,121,orf7a protein,USA,Homo sapiens,"lung, oronasopharynx",2020-02-11
"",QID98799,2020-02-27T00:00:00Z,Severe acute respiratory syndrome-related coronavirus,121,orf7a protein,USA,Homo sapiens,lung,2020-02-23
"",QID21053,2020-02-24T00:00:00Z,Severe acute respiratory syndrome-related coronavirus,121,orf7a protein,USA,Homo sapiens,oronasopharynx,2020-02-06
"",QID21063,2020-02-24T00:00:00Z,Severe acute respiratory syndrome-related coronavirus,121,orf7a protein,USA,Homo sapiens,oronasopharynx,2020-02-10
"",QIG55999,2020-03-02T00:00:00Z,Severe acute respiratory syndrome-related coronavirus,121,orf7a protein,Brazil,Homo sapiens,oronasopharynx,2020-02-28
"",QHZ87598,2020-02-12T00:00:00Z,Severe acute respiratory syndrome-related coronavirus,121,orf8 protein,USA,Homo sapiens,oronasopharynx,2020-01-27
"",QHZ87588,2020-02-12T00:00:00Z,Severe acute respiratory syndrome-related coronavirus,121,orf8 protein,USA,Homo sapiens,"lung, oronasopharynx",2020-01-28
"",QHQ82470,2020-01-28T00:00:00Z,Severe acute respiratory syndrome-related coronavirus,121,orf8 protein,USA,Homo sapiens,feces,2020-01-22
"",QHZ00395,2020-02-11T00:00:00Z,Severe acute respiratory syndrome-related coronavirus,121,orf8 protein,USA,Homo sapiens,oronasopharynx,2020-01-31
"",QHZ00405,2020-02-11T00:00:00Z,Severe acute respiratory syndrome-related coronavirus,121,orf8 protein,USA,Homo sapiens,oronasopharynx,2020-01-29
"",QHQ71969,2020-01-28T00:00:00Z,Severe acute respiratory syndrome-related coronavirus,121,orf8 protein,USA,Homo sapiens,oronasopharynx,2020-01-23
"",QHO60600,2020-01-24T00:00:00Z,Severe acute respiratory syndrome-related coronavirus,121,orf8 protein,USA,Homo sapiens,oronasopharynx,2020-01-19
"",QHW06045,2020-02-07T00:00:00Z,Severe acute respiratory syndrome-related coronavirus,121,orf8 protein,USA,Homo sapiens,oronasopharynx,2020-01-29
"",QHW06055,2020-02-07T00:00:00Z,Severe acute respiratory syndrome-related coronavirus,121,orf8 protein,USA,Homo sapiens,oronasopharynx,2020-01-29
"",QHW06065,2020-02-07T00:00:00Z,Severe acute respiratory syndrome-related coronavirus,121,orf8 protein,USA,Homo sapiens,oronasopharynx,2020-01-29
"",QHU79200,2020-02-05T00:00:00Z,Severe acute respiratory syndrome-related coronavirus,121,orf8 protein,USA,Homo sapiens,oronasopharynx,2020-01-25
"",QHU79210,2020-02-05T00:00:00Z,Severe acute respiratory syndrome-related coronavirus,121,orf8 protein,USA,Homo sapiens,oronasopharynx,2020-01-25
"",QHO62883,2020-01-25T00:00:00Z,Severe acute respiratory syndrome-related coronavirus,121,orf8 protein,USA,Homo sapiens,"lung, oronasopharynx",2020-01-21
"",QHQ71979,2020-01-28T00:00:00Z,Severe acute respiratory syndrome-related coronavirus,121,orf8 protein,USA,Homo sapiens,oronasopharynx,2020-01-22
"",QID21074,2020-02-24T00:00:00Z,Severe acute respiratory syndrome-related coronavirus,121,orf8 protein,USA,Homo sapiens,"lung, oronasopharynx",2020-02-11
"",QID98800,2020-02-27T00:00:00Z,Severe acute respiratory syndrome-related coronavirus,121,orf8 protein,USA,Homo sapiens,lung,2020-02-23
"",QID21054,2020-02-24T00:00:00Z,Severe acute respiratory syndrome-related coronavirus,121,orf8 protein,USA,Homo sapiens,oronasopharynx,2020-02-06
"",QID21064,2020-02-24T00:00:00Z,Severe acute respiratory syndrome-related coronavirus,121,orf8 protein,USA,Homo sapiens,oronasopharynx,2020-02-10
"",QIG56000,2020-03-02T00:00:00Z,Severe acute respiratory syndrome-related coronavirus,121,orf8 protein,Brazil,Homo sapiens,oronasopharynx,2020-02-28
"",QHR63270,2020-01-29T00:00:00Z,Severe acute respiratory syndrome-related coronavirus,1273,spike glycoprotein,China,Homo sapiens,lung,2019-12-30
"",QHR63250,2020-01-29T00:00:00Z,Severe acute respiratory syndrome-related coronavirus,1273,spike glycoprotein,China,Homo sapiens,lung,2019-12-30
"",QHR63280,2020-01-29T00:00:00Z,Severe acute respiratory syndrome-related coronavirus,1273,spike glycoprotein,China,Homo sapiens,lung,2019-12-30
"",QHR63290,2020-01-29T00:00:00Z,Severe acute respiratory syndrome-related coronavirus,1273,spike glycoprotein,China,Homo sapiens,lung,2019-12-30
"",QHR63260,2020-01-29T00:00:00Z,Severe acute respiratory syndrome-related coronavirus,1273,spike glycoprotein,China,Homo sapiens,lung,2019-12-30
"",QIC53213,2020-02-21T00:00:00Z,Severe acute respiratory syndrome-related coronavirus,1273,spike glycoprotein,China,Homo sapiens,oronasopharynx,2020-01-08
"",QHZ00365,2020-02-11T00:00:00Z,Severe acute respiratory syndrome-related coronavirus,419,structural protein,China,Homo sapiens,"lung, oronasopharynx",2020-01-20
"",QHZ00361,2020-02-11T00:00:00Z,Severe acute respiratory syndrome-related coronavirus,222,structural protein,China,Homo sapiens,"lung, oronasopharynx",2020-01-20
"",QHZ00360,2020-02-11T00:00:00Z,Severe acute respiratory syndrome-related coronavirus,75,structural protein,China,Homo sapiens,"lung, oronasopharynx",2020-01-20
"",QIA98596,2020-02-14T00:00:00Z,Severe acute respiratory syndrome-related coronavirus,1273,surface glycoprotein,Taiwan,Homo sapiens,,2020-01-31
"",QIA20044,2020-02-12T00:00:00Z,Severe acute respiratory syndrome-related coronavirus,1273,surface glycoprotein,China,Homo sapiens,"lung, oronasopharynx",2020-01-17
"",QIA98606,2020-02-14T00:00:00Z,Severe acute respiratory syndrome-related coronavirus,1273,surface glycoprotein,Taiwan,Homo sapiens,,2020-02-05
"",QHZ87592,2020-02-12T00:00:00Z,Severe acute respiratory syndrome-related coronavirus,1273,surface glycoprotein,USA,Homo sapiens,oronasopharynx,2020-01-27
"",QHZ87582,2020-02-12T00:00:00Z,Severe acute respiratory syndrome-related coronavirus,1273,surface glycoprotein,USA,Homo sapiens,"lung, oronasopharynx",2020-01-28
"",QHQ82464,2020-01-28T00:00:00Z,Severe acute respiratory syndrome-related coronavirus,1273,surface glycoprotein,USA,Homo sapiens,feces,2020-01-22
"",QHZ00358,2020-02-11T00:00:00Z,Severe acute respiratory syndrome-related coronavirus,1273,surface glycoprotein,China,Homo sapiens,"lung, oronasopharynx",2020-01-20
"",QHZ00379,2020-02-11T00:00:00Z,Severe acute respiratory syndrome-related coronavirus,1273,surface glycoprotein,South Korea,Homo sapiens,,2020-01
"",QHZ00389,2020-02-11T00:00:00Z,Severe acute respiratory syndrome-related coronavirus,1273,surface glycoprotein,USA,Homo sapiens,oronasopharynx,2020-01-31
"",QHZ00399,2020-02-11T00:00:00Z,Severe acute respiratory syndrome-related coronavirus,1273,surface glycoprotein,USA,Homo sapiens,oronasopharynx,2020-01-29
"",QHU36844,2020-02-05T00:00:00Z,Severe acute respiratory syndrome-related coronavirus,1273,surface glycoprotein,China,Homo sapiens,lung,2019-12-30
"",QHN73824,2020-01-24T00:00:00Z,Severe acute respiratory syndrome-related coronavirus,35,surface glycoprotein,China,Homo sapiens,"lung, oronasopharynx",2020-01
"",QHN73806,2020-01-24T00:00:00Z,Severe acute respiratory syndrome-related coronavirus,35,surface glycoprotein,China,Homo sapiens,blood,2020-01
"",QHN73808,2020-01-24T00:00:00Z,Severe acute respiratory syndrome-related coronavirus,35,surface glycoprotein,China,Homo sapiens,oronasopharynx,2020-01
"",QHN73807,2020-01-24T00:00:00Z,Severe acute respiratory syndrome-related coronavirus,35,surface glycoprotein,China,Homo sapiens,oronasopharynx,2020-01
"",QHN73805,2020-01-24T00:00:00Z,Severe acute respiratory syndrome-related coronavirus,35,surface glycoprotein,China,Homo sapiens,oronasopharynx,2020-01
"",QHN73822,2020-01-24T00:00:00Z,Severe acute respiratory syndrome-related coronavirus,35,surface glycoprotein,China,Homo sapiens,oronasopharynx,2020-01
"",QHN73823,2020-01-24T00:00:00Z,Severe acute respiratory syndrome-related coronavirus,35,surface glycoprotein,China,Homo sapiens,oronasopharynx,2020-01
"",QHO60594,2020-01-24T00:00:00Z,Severe acute respiratory syndrome-related coronavirus,1273,surface glycoprotein,USA,Homo sapiens,oronasopharynx,2020-01-19
"",QHQ71963,2020-01-28T00:00:00Z,Severe acute respiratory syndrome-related coronavirus,1273,surface glycoprotein,USA,Homo sapiens,oronasopharynx,2020-01-23
"",QHO62107,2020-01-28T00:00:00Z,Severe acute respiratory syndrome-related coronavirus,1273,surface glycoprotein,China,Homo sapiens,,2020-01-02
"",QHO62112,2020-01-28T00:00:00Z,Severe acute respiratory syndrome-related coronavirus,1273,surface glycoprotein,China,Homo sapiens,,2020-01-02
"",QHW06039,2020-02-07T00:00:00Z,Severe acute respiratory syndrome-related coronavirus,1273,surface glycoprotein,USA,Homo sapiens,oronasopharynx,2020-01-29
"",QHU36824,2020-02-05T00:00:00Z,Severe acute respiratory syndrome-related coronavirus,1273,surface glycoprotein,China,Homo sapiens,lung,2019-12-23
"",QHW06049,2020-02-07T00:00:00Z,Severe acute respiratory syndrome-related coronavirus,1273,surface glycoprotein,USA,Homo sapiens,oronasopharynx,2020-01-29
"",QHW06059,2020-02-07T00:00:00Z,Severe acute respiratory syndrome-related coronavirus,1273,surface glycoprotein,USA,Homo sapiens,oronasopharynx,2020-01-29
"",QHN73810,2020-01-24T00:00:00Z,Severe acute respiratory syndrome-related coronavirus,1273,surface glycoprotein,China,Homo sapiens,"lung, oronasopharynx",2020-01-11
"",QHU79173,2020-02-05T00:00:00Z,Severe acute respiratory syndrome-related coronavirus,1273,surface glycoprotein,Finland,Homo sapiens,,2020-01-29
"",QHU79194,2020-02-05T00:00:00Z,Severe acute respiratory syndrome-related coronavirus,1273,surface glycoprotein,USA,Homo sapiens,oronasopharynx,2020-01-25
"",QHU36834,2020-02-05T00:00:00Z,Severe acute respiratory syndrome-related coronavirus,1273,surface glycoprotein,China,Homo sapiens,lung,2019-12-30
"",QHU36864,2020-02-05T00:00:00Z,Severe acute respiratory syndrome-related coronavirus,1273,surface glycoprotein,China,Homo sapiens,lung,2020-01-01
"",QHU36854,2020-02-05T00:00:00Z,Severe acute respiratory syndrome-related coronavirus,1273,surface glycoprotein,China,Homo sapiens,lung,2019-12-30
"",QHU79204,2020-02-05T00:00:00Z,Severe acute respiratory syndrome-related coronavirus,1273,surface glycoprotein,USA,Homo sapiens,oronasopharynx,2020-01-25
"",QHD43416,2020-01-12T00:00:00Z,Severe acute respiratory syndrome-related coronavirus,1273,surface glycoprotein,China,Homo sapiens,,2019-12
"",QIB84673,2020-02-18T00:00:00Z,Severe acute respiratory syndrome-related coronavirus,1273,surface glycoprotein,Nepal,Homo sapiens,oronasopharynx,2020-01-13
"",QHO62877,2020-01-25T00:00:00Z,Severe acute respiratory syndrome-related coronavirus,1273,surface glycoprotein,USA,Homo sapiens,"lung, oronasopharynx",2020-01-21
"",QHQ71973,2020-01-28T00:00:00Z,Severe acute respiratory syndrome-related coronavirus,1273,surface glycoprotein,USA,Homo sapiens,oronasopharynx,2020-01-22
"",QHN73795,2020-01-24T00:00:00Z,Severe acute respiratory syndrome-related coronavirus,1273,surface glycoprotein,China,Homo sapiens,oronasopharynx,2020-01-10
"",QHR84449,2020-01-31T00:00:00Z,Severe acute respiratory syndrome-related coronavirus,1273,surface glycoprotein,Australia,Homo sapiens,,2020-01-25
"",YP_009724390,2020-01-13T00:00:00Z,Severe acute respiratory syndrome-related coronavirus,1273,surface glycoprotein,China,Homo sapiens,,2019-12
"",QID21068,2020-02-24T00:00:00Z,Severe acute respiratory syndrome-related coronavirus,1273,surface glycoprotein,USA,Homo sapiens,"lung, oronasopharynx",2020-02-11
"",QIC53204,2020-02-21T00:00:00Z,Severe acute respiratory syndrome-related coronavirus,1273,surface glycoprotein,Sweden,Homo sapiens,,2020-02-07
"",QID98794,2020-02-27T00:00:00Z,Severe acute respiratory syndrome-related coronavirus,1273,surface glycoprotein,USA,Homo sapiens,lung,2020-02-23
"",QID21048,2020-02-24T00:00:00Z,Severe acute respiratory syndrome-related coronavirus,1273,surface glycoprotein,USA,Homo sapiens,oronasopharynx,2020-02-06
"",QID21058,2020-02-24T00:00:00Z,Severe acute respiratory syndrome-related coronavirus,1273,surface glycoprotein,USA,Homo sapiens,oronasopharynx,2020-02-10
"",QIE07461,2020-02-28T00:00:00Z,Severe acute respiratory syndrome-related coronavirus,1273,surface glycoprotein,China,Homo sapiens,lung,2020-01-29
"",BCA87361,2020-02-29T00:00:00Z,Severe acute respiratory syndrome-related coronavirus,1273,surface glycoprotein,,Homo sapiens,oronasopharynx,2020-02-10
"",BCA87371,2020-02-29T00:00:00Z,Severe acute respiratory syndrome-related coronavirus,1273,surface glycoprotein,,Homo sapiens,oronasopharynx,2020-02-10
"",QIE07451,2020-02-28T00:00:00Z,Severe acute respiratory syndrome-related coronavirus,1273,surface glycoprotein,China,Homo sapiens,oronasopharynx,2020-02-05
"",QIG55994,2020-03-02T00:00:00Z,Severe acute respiratory syndrome-related coronavirus,1273,surface glycoprotein,Brazil,Homo sapiens,oronasopharynx,2020-02-28
